dimension,edi_score,mi_score,wilcoxon_score,rfe_score
431,0.9946765702017528,1.0,1.0,0.9733828510087638
623,0.9867420187404783,0.933710093702392,1.0,1.0
500,0.9674823496032933,0.9937700383705586,1.0,0.8436417096459073
461,0.9199923241356018,0.9232513908475976,1.0,0.6767102298304117
96,0.9063454483182833,0.7453536659650063,1.0,0.7863735756264104
505,0.8910426189796538,0.540488575880971,1.0,0.9147245190172977
594,0.8745200884235637,0.7111069756981454,1.0,0.661493466419673
407,0.849191374371449,0.6430490803124077,1.0,0.6029077915448369
397,0.8458936755674499,0.4338109639952847,1.0,0.7956574138419645
613,0.8444542340670809,0.36318384392478265,1.0,0.8590873264106217
74,0.8444088825946706,0.5385660264267592,1.0,0.6834783865465938
304,0.8418951269307648,0.5304753926369896,1.0,0.6790002420168346
190,0.8364339913160828,0.4490906210623834,1.0,0.7330793355180304
662,0.8333229307726165,0.39291924934799305,1.0,0.7736954045150893
366,0.831151021389281,0.4787143631091463,1.0,0.6770407438372588
609,0.8243620433621772,0.35621750309587885,1.0,0.7655927137150075
460,0.7988728278453925,0.3772501378529951,1.0,0.6171140013739671
127,0.787323409419155,0.16037958735437577,1.0,0.7762374597413993
182,0.7814334197743718,0.3893416660730553,1.0,0.5178254327988038
401,0.7558416552184845,0.7792082760924222,1.0,0.0
348,0.738574563517995,0.6928728175899749,1.0,0.0
303,0.7348956526191414,0.6744782630957067,1.0,0.0
616,0.7326610649151092,0.13670805738019187,1.0,0.5265972671953537
455,0.7296051545895692,0.6480257729478461,1.0,0.0
733,0.7294051451682446,0.6470257258412231,1.0,0.0
370,0.7173745306329931,0.5868726531649653,1.0,0.0
654,0.706904565082241,0.5345228254112049,1.0,0.0
715,0.7042275972471481,0.5211379862357405,1.0,0.0
698,0.7031869712711627,0.5159348563558135,1.0,0.0
99,0.7011380639501822,0.5056903197509112,1.0,0.0
162,0.695802262775143,0.4790113138757154,1.0,0.0
734,0.6950094451669201,0.47504722583460063,1.0,0.0
706,0.6934431695666284,0.46721584783314235,1.0,0.0
40,0.6930559753458461,0.4652798767292304,1.0,0.0
46,0.6921265722047861,0.46063286102393086,1.0,0.0
481,0.6918675016725564,0.4593375083627822,1.0,0.0
507,0.6915184945485578,0.4575924727427893,1.0,0.0
113,0.6894344883932528,0.4471724419662642,1.0,0.0
627,0.6888624588123455,0.4443122940617279,1.0,0.0
614,0.6887648341354657,0.4438241706773291,1.0,0.0
684,0.688600464054753,0.44300232027376507,1.0,0.0
92,0.6883172322908818,0.4415861614544094,1.0,0.0
387,0.6866131401352671,0.43306570067633554,1.0,0.0
103,0.6840669933210911,0.42033496660545566,1.0,0.0
45,0.6821701963815091,0.41085098190754543,1.0,0.0
120,0.6798741964228261,0.39937098211413025,1.0,0.0
409,0.6790432190068751,0.3952160950343757,1.0,0.0
520,0.6787212640723346,0.3936063203616728,1.0,0.0
105,0.6771238161178279,0.38561908058913974,1.0,0.0
179,0.6758001889058599,0.3790009445292995,1.0,0.0
62,0.6757587595733131,0.37879379786656553,1.0,0.0
744,0.6757196151084135,0.37859807554206765,1.0,0.0
274,0.674753988403573,0.3737699420178654,1.0,0.0
447,0.6730232342854723,0.36511617142736164,1.0,0.0
286,0.6729469468646254,0.3647347343231269,1.0,0.0
347,0.6715887153386247,0.3579435766931238,1.0,0.0
280,0.67113180157169,0.35565900785844967,1.0,0.0
102,0.6707367416100112,0.3536837080500559,1.0,0.0
56,0.6706325138495023,0.35316256924751155,1.0,0.0
337,0.6704011917263764,0.352005958631882,1.0,0.0
157,0.6697056678854094,0.3485283394270471,1.0,0.0
638,0.6691451439442659,0.34572571972133004,1.0,0.0
676,0.6689974705360024,0.34498735268001235,1.0,0.0
489,0.668241420659787,0.34120710329893494,1.0,0.0
647,0.6680915725304426,0.34045786265221295,1.0,0.0
705,0.6672652615973989,0.3363263079869942,1.0,0.0
38,0.6669022669125122,0.3345113345625614,1.0,0.0
574,0.6667153879575379,0.3335769397876897,1.0,0.0
131,0.6661620684363583,0.3308103421817918,1.0,0.0
508,0.6659672579265308,0.32983628963265377,1.0,0.0
751,0.6647148423461513,0.32357421173075634,1.0,0.0
645,0.6643446585481628,0.3217232927408143,1.0,0.0
605,0.6638514356801052,0.31925717840052603,1.0,0.0
544,0.6637711977641594,0.31885598882079697,1.0,0.0
143,0.6637071038146694,0.3185355190733471,1.0,0.0
349,0.6635208970850307,0.3176044854251537,1.0,0.0
545,0.6634169170319609,0.3170845851598047,1.0,0.0
52,0.662947190807976,0.31473595403988014,1.0,0.0
1,0.6621419759276396,0.31070987963819774,1.0,0.0
313,0.6619762911533025,0.30988145576651266,1.0,0.0
592,0.661823617595849,0.3091180879792448,1.0,0.0
230,0.6614081485179045,0.30704074258952263,1.0,0.0
351,0.6613372213726837,0.30668610686341863,1.0,0.0
2,0.6604952105544396,0.3024760527721982,1.0,0.0
311,0.6604564419483068,0.3022822097415342,1.0,0.0
150,0.6602245196056907,0.3011225980284539,1.0,0.0
183,0.6594798796826992,0.29739939841349594,1.0,0.0
191,0.6594155528747326,0.2970777643736635,1.0,0.0
85,0.6580381178974779,0.2901905894873899,1.0,0.0
472,0.6571065327213037,0.28553266360651847,1.0,0.0
425,0.6566073165972393,0.2830365829861965,1.0,0.0
731,0.6564977666820353,0.28248883341017655,1.0,0.0
331,0.6561144006735817,0.2805720033679086,1.0,0.0
129,0.6560293547056304,0.2801467735281518,1.0,0.0
210,0.6557516411765847,0.2787582058829235,1.0,0.0
531,0.6556273354506779,0.27813667725338953,1.0,0.0
555,0.6553138032712205,0.27656901635610254,1.0,0.0
293,0.6550472245303017,0.275236122651509,1.0,0.0
729,0.6548100030945447,0.2740500154727236,1.0,0.0
344,0.6543869497095027,0.2719347485475137,1.0,0.0
675,0.6541099364709919,0.27054968235495996,1.0,0.0
114,0.6539694103308852,0.2698470516544262,1.0,0.0
206,0.6530412380291387,0.2652061901456936,1.0,0.0
42,0.6529523789817226,0.26476189490861324,1.0,0.0
524,0.6521821564800989,0.26091078240049453,1.0,0.0
44,0.6516904499080035,0.2584522495400177,1.0,0.0
67,0.6515990826925401,0.2579954134627006,1.0,0.0
393,0.6513893658526744,0.2569468292633717,1.0,0.0
225,0.6512335703710499,0.2561678518552495,1.0,0.0
291,0.6510619172364009,0.2553095861820047,1.0,0.0
153,0.6507726997056443,0.2538634985282216,1.0,0.0
203,0.6500765293150297,0.25038264657514875,1.0,0.0
658,0.6498704276565077,0.2493521382825387,1.0,0.0
423,0.6498391072222348,0.24919553611117418,1.0,0.0
302,0.6498241845913723,0.24912092295686128,1.0,0.0
536,0.6497642910939528,0.24882145546976422,1.0,0.0
355,0.649648358684684,0.2482417934234197,1.0,0.0
443,0.6496084981263657,0.24804249063182873,1.0,0.0
195,0.6495863189389272,0.24793159469463588,1.0,0.0
471,0.6495586180556143,0.24779309027807178,1.0,0.0
518,0.6491644816424914,0.2458224082124569,1.0,0.0
208,0.6489342166945922,0.24467108347296085,1.0,0.0
566,0.648896415505746,0.24448207752873008,1.0,0.0
212,0.6476188139943208,0.2380940699716041,1.0,0.0
26,0.6472290896756488,0.2361454483782441,1.0,0.0
663,0.6465874834042444,0.2329374170212224,1.0,0.0
759,0.646429656617562,0.2321482830878103,1.0,0.0
391,0.6461686349813625,0.23084317490681228,1.0,0.0
670,0.6459179247534698,0.22958962376734893,1.0,0.0
618,0.6458852627343264,0.2294263136716324,1.0,0.0
373,0.6458642757221411,0.22932137861070562,1.0,0.0
284,0.6458416230921865,0.22920811546093248,1.0,0.0
211,0.6457405874447228,0.2287029372236141,1.0,0.0
83,0.6456810007406136,0.22840500370306818,1.0,0.0
552,0.6456049710417128,0.2280248552085642,1.0,0.0
683,0.6455590724731989,0.22779536236599432,1.0,0.0
98,0.645518149326786,0.2275907466339299,1.0,0.0
75,0.6455096777192638,0.22754838859631915,1.0,0.0
171,0.6453719453592398,0.22685972679619915,1.0,0.0
459,0.6451942312342204,0.22597115617110183,1.0,0.0
146,0.6448384189638353,0.2241920948191767,1.0,0.0
356,0.6442270654271814,0.2211353271359072,1.0,0.0
329,0.643675293042857,0.21837646521428483,1.0,0.0
474,0.6434102400288759,0.2170512001443797,1.0,0.0
560,0.6431775304026021,0.21588765201301052,1.0,0.0
64,0.6430414778183332,0.21520738909166603,1.0,0.0
724,0.642885638361715,0.21442819180857478,1.0,0.0
176,0.6426984421990483,0.2134922109952414,1.0,0.0
255,0.6426289367813636,0.213144683906818,1.0,0.0
197,0.6424594376380957,0.2122971881904783,1.0,0.0
12,0.6424320084454287,0.21216004222714382,1.0,0.0
564,0.6419835889023081,0.20991794451154058,1.0,0.0
267,0.6416864306903229,0.20843215345161453,1.0,0.0
677,0.6411506190812977,0.20575309540648815,1.0,0.0
449,0.6410744586641732,0.20537229332086648,1.0,0.0
357,0.6407065932364627,0.20353296618231384,1.0,0.0
107,0.6406451475743143,0.2032257378715718,1.0,0.0
87,0.6401794130883282,0.20089706544164085,1.0,0.0
600,0.6400603150962656,0.2003015754813282,1.0,0.0
547,0.6400586799839572,0.20029339991978595,1.0,0.0
94,0.6397377301396379,0.19868865069818914,1.0,0.0
249,0.639621580763557,0.1981079038177849,1.0,0.0
138,0.639072754239462,0.19536377119730997,1.0,0.0
463,0.6390704355322616,0.19535217766130827,1.0,0.0
142,0.6390284139510253,0.1951420697551266,1.0,0.0
693,0.6388521066587246,0.19426053329362308,1.0,0.0
506,0.6386761947696105,0.1933809738480524,1.0,0.0
297,0.6382448451070202,0.19122422553510068,1.0,0.0
426,0.6375680776703728,0.18784038835186437,1.0,0.0
452,0.63725774965445,0.18628874827225053,1.0,0.0
456,0.6371534243594944,0.18576712179747223,1.0,0.0
97,0.636917552523298,0.18458776261649001,1.0,0.0
76,0.6368755125605956,0.18437756280297837,1.0,0.0
119,0.6368360166046895,0.18418008302344752,1.0,0.0
36,0.6366061854303644,0.18303092715182204,1.0,0.0
259,0.636339470785106,0.1816973539255299,1.0,0.0
339,0.6363112035303542,0.18155601765177093,1.0,0.0
583,0.6362631386559148,0.1813156932795737,1.0,0.0
192,0.6359043352951284,0.17952167647564213,1.0,0.0
18,0.6358556926709793,0.17927846335489653,1.0,0.0
352,0.635651753488853,0.17825876744426555,1.0,0.0
477,0.6356235337612655,0.1781176688063276,1.0,0.0
300,0.6354287906615573,0.17727954220309927,0.9999548037015624,0.0
377,0.6354078566473038,0.17703928323651916,1.0,0.0
433,0.6351488443085404,0.1757442215427016,1.0,0.0
72,0.6351422387166177,0.17571119358308876,1.0,0.0
229,0.6351212674942066,0.17560633814308182,0.9999999997759839,0.0
164,0.6348449037059016,0.17422451852950846,1.0,0.0
196,0.6347751515150128,0.17387575757506457,1.0,0.0
593,0.6347072045374861,0.17353602268743049,1.0,0.0
415,0.6345592965431479,0.17279648271573977,1.0,0.0
388,0.6343563778793141,0.1717818893965708,1.0,0.0
607,0.63401119522312,0.17005597611560014,1.0,0.0
527,0.6339821910083113,0.16991095504155654,1.0,0.0
295,0.6339795606439241,0.1698978032196209,1.0,0.0
184,0.6338152197843966,0.1690760989219833,1.0,0.0
247,0.633765577006122,0.16882788503061022,1.0,0.0
444,0.6337072879483043,0.16853643974152188,1.0,0.0
288,0.6336736142509725,0.16836807125486233,1.0,0.0
416,0.6335260214461975,0.1676301072309875,1.0,0.0
649,0.6335248473708516,0.16762423685425784,1.0,0.0
276,0.6332133168460764,0.16606658423038212,1.0,0.0
576,0.6331421216470494,0.16571060823524705,1.0,0.0
760,0.6329678839464674,0.16483941973233712,1.0,0.0
565,0.6328435168963383,0.16421758448169155,1.0,0.0
713,0.6325017817790966,0.16250890889548314,1.0,0.0
487,0.632476780177039,0.16238390088519497,1.0,0.0
636,0.6320872783995787,0.1604363919978933,1.0,0.0
376,0.6318833775861031,0.15941688793051578,1.0,0.0
63,0.6318450636128199,0.15922531806409973,1.0,0.0
314,0.6318383345327574,0.1591916726637872,1.0,0.0
454,0.6313505240117427,0.1567526200587139,1.0,0.0
404,0.6311537482892049,0.15576874144602482,1.0,0.0
242,0.6311474198977186,0.1557370994885932,1.0,0.0
478,0.6310304879251931,0.15515243962596545,1.0,0.0
596,0.6310259212617967,0.15512960630898356,1.0,0.0
726,0.6310068425604867,0.15503421280243332,1.0,0.0
701,0.6307710907145729,0.15385545357286468,1.0,0.0
178,0.6306254365703953,0.15312718285244975,0.9999999999998422,0.0
173,0.6305654549441325,0.1528272747206626,1.0,0.0
682,0.630306430124218,0.15153215062109032,1.0,0.0
584,0.6302969151060623,0.15148457553031217,0.9999999999999998,0.0
126,0.6301907405172622,0.1509537025863112,1.0,0.0
440,0.630020821924452,0.15010410962225973,1.0,0.0
334,0.6298102838831557,0.14905141941577874,1.0,0.0
235,0.6297008274495783,0.14850413724789185,1.0,0.0
117,0.6296426058315018,0.14821302915750878,1.0,0.0
542,0.629500499261832,0.1475024963091605,1.0,0.0
585,0.6293113107358523,0.146556553699018,0.9999999999934145,0.0
346,0.6290047899257858,0.14502408647569412,0.9999999543844116,0.0
290,0.6288430142277397,0.14421507113869866,1.0,0.0
467,0.6287792710060223,0.14389635503011117,1.0,0.0
78,0.6286287572780495,0.14314378639024763,1.0,0.0
253,0.6285048909232076,0.14252445461603794,1.0,0.0
205,0.6284930698700077,0.14246534935003885,1.0,0.0
453,0.6280077408769931,0.14003870438496777,0.9999999999999992,0.0
503,0.6280013438787155,0.14000671939357756,1.0,0.0
237,0.6277425072852878,0.13871253642643913,1.0,0.0
272,0.6272993161130184,0.13649658056509206,1.0,0.0
15,0.6272322777196997,0.1362805629809101,0.9999602752058628,0.0
501,0.6270030015327868,0.13501501439162983,0.9999999977574349,0.0
746,0.6269692591253195,0.13484629562707146,0.9999999999998422,0.0
294,0.6269542116724904,0.13477105836245348,0.9999999999999996,0.0
282,0.6268206683047868,0.13410334152393413,1.0,0.0
378,0.6266575925873369,0.13328796366715587,0.9999999997565095,0.0
712,0.6265492695283106,0.13274634764155277,1.0,0.0
495,0.6265473459393553,0.13273672969677694,1.0,0.0
742,0.6264323130157795,0.13216156507889765,1.0,0.0
240,0.6263981316489433,0.1319906582447168,1.0,0.0
418,0.6262331924421791,0.1311659622108958,1.0,0.0
55,0.6262190520425791,0.13109526021289566,1.0,0.0
436,0.6260726977531189,0.13036348876559486,1.0,0.0
227,0.6259863685939674,0.12993184296983692,1.0,0.0
60,0.6258799530301425,0.129399765150713,1.0,0.0
193,0.6257786799438897,0.12889339971944852,1.0,0.0
707,0.6256157722893478,0.12807886330865342,0.999999999379362,0.0
551,0.6254977168712464,0.12748858435623248,1.0,0.0
660,0.6253122609115367,0.12656130455768327,1.0,0.0
112,0.6252972992137431,0.12648649606871581,1.0,0.0
148,0.6252008196064853,0.1260040980324269,1.0,0.0
656,0.6251222682625859,0.12561134131292936,1.0,0.0
708,0.6251004804817847,0.12550240240892357,1.0,0.0
21,0.625006804830843,0.12503402415421508,1.0,0.0
422,0.6248686036437887,0.1243430510663794,0.9999999890508546,0.0
51,0.6248412581405925,0.12420629070296271,1.0,0.0
718,0.6247484396930999,0.12374219846549975,1.0,0.0
655,0.6247366772990708,0.12368338649535424,1.0,0.0
65,0.6246169115805332,0.12308455790266647,1.0,0.0
646,0.624509173897391,0.12254586948695506,1.0,0.0
410,0.6244144967813335,0.12207248391006305,0.9999999999988682,0.0
561,0.6242660048222857,0.12133002414202683,0.9999999999898006,0.0
43,0.6242497634377527,0.12124881718876379,1.0,0.0
32,0.6241859510618382,0.12092975530919096,1.0,0.0
569,0.6241327946892711,0.12066777917356308,0.9999987314242641,0.0
711,0.6238390414453928,0.11919520722696401,1.0,0.0
740,0.6235392731428483,0.11769636571424151,1.0,0.0
168,0.6234818528277212,0.11740926413860617,1.0,0.0
333,0.6232319143227066,0.11615957161353334,1.0,0.0
125,0.6232211055515251,0.11610552775762543,1.0,0.0
562,0.6231106186672825,0.11555309335588834,0.999999999993508,0.0
271,0.6230630179741969,0.11531508987098489,1.0,0.0
61,0.6227305417088262,0.11365270854413108,1.0,0.0
82,0.6227007259439171,0.11350362971958577,1.0,0.0
269,0.6225418261875674,0.11270913093783676,1.0,0.0
327,0.6224914991835464,0.11245749591773462,0.9999999999999992,0.0
406,0.6224597160186652,0.11229858010362505,0.999999999996567,0.0
488,0.6222465373828979,0.11123268704383427,0.9999999999568853,0.0
27,0.6221993284323477,0.11099664216176691,0.9999999999999906,0.0
310,0.6221978239789859,0.110989126524525,0.9999999977901349,0.0
132,0.6220598737818145,0.11029936890907241,1.0,0.0
537,0.621966666998385,0.10983333499192488,1.0,0.0
442,0.6219575539954045,0.10978776997702258,1.0,0.0
139,0.62176373902135,0.10887047542506562,0.9999827398938947,0.0
3,0.62176187357313,0.10880936786564968,1.0,0.0
362,0.6216925135867342,0.10846256793405336,0.9999999999998724,0.0
141,0.621626724555432,0.1081336228734969,0.9999999999678877,0.0
689,0.6216075927869784,0.108037963934892,1.0,0.0
730,0.6216038686620523,0.1080193433102643,0.999999999999999,0.0
248,0.6215677010459361,0.10783850522968062,1.0,0.0
111,0.6215632494348996,0.10781624717449817,1.0,0.0
95,0.6215454003757374,0.10772776868120827,0.9999997443991595,0.0
224,0.6214531773634353,0.10726588681717658,1.0,0.0
382,0.6213401366373825,0.10670068318696686,0.9999999999999819,0.0
399,0.6213211653883307,0.10660582694165377,1.0,0.0
296,0.6212254814889555,0.10612740745098381,0.9999999999979312,0.0
261,0.6211916239993153,0.10595813363973153,0.9999999954522817,0.0
136,0.6210764172110992,0.10538208605549607,1.0,0.0
321,0.6210114601192952,0.10505730059650749,0.9999999999999895,0.0
287,0.6210089821729651,0.10504491086482556,1.0,0.0
68,0.6209707860655218,0.10485393032761166,0.999999999999999,0.0
692,0.6209375030126806,0.10468751509429673,0.9999999999897021,0.0
553,0.6208909314392809,0.10445565875745537,0.9999996661463164,0.0
639,0.620756876276369,0.1037843813818593,0.9999999999999952,0.0
6,0.6207531642505477,0.11288460157041295,0.9969604065607751,0.0
466,0.6206906725348097,0.10345336267404867,1.0,0.0
19,0.6205195789775909,0.10259789488795441,1.0,0.0
754,0.6202653909598765,0.10132695480758327,0.9999999999972665,0.0
458,0.6201699688513109,0.10084984425655495,1.0,0.0
231,0.6201673816610507,0.10083691311190368,0.9999999983977833,0.0
634,0.6200576915951256,0.10028845797562834,0.9999999999999998,0.0
661,0.6199576493647645,0.09978824682383355,0.9999999999999963,0.0
115,0.6195443740879057,0.09772187043953846,0.9999999999999969,0.0
588,0.619515188251183,0.09757594158742733,0.999999999889496,0.0
559,0.6191127636749438,0.09556381837793455,0.9999999999989283,0.0
468,0.6190953456710887,0.0954767283554673,0.999999999999992,0.0
13,0.6190459954985373,0.09523805569260804,0.999997307266693,0.0
702,0.6188967244816401,0.09448412143748518,0.9999998336569051,0.0
642,0.6187347129198097,0.09367356459904906,1.0,0.0
134,0.618232657816302,0.09116328909438329,0.999999999995709,0.0
612,0.6181989704150066,0.09099507201895911,0.9999999266853581,0.0
187,0.6181780740276586,0.09089260890634092,0.999999253743984,0.0
749,0.6180581448553334,0.09029072427666705,1.0,0.0
160,0.6180092543846756,0.0901957424542845,0.999950176489698,0.0
432,0.6179884830236931,0.08994241511846593,1.0,0.0
570,0.6178498579857893,0.08924929166934559,0.9999999994198671,0.0
41,0.6178408655948564,0.0892043279761858,0.9999999999993655,0.0
8,0.6177766443979511,0.08888322198975579,1.0,0.0
353,0.6177309387598114,0.08865469381117064,0.9999999999959622,0.0
133,0.6177086118714078,0.08859148495514448,0.999983858133965,0.0
405,0.6176874009530218,0.08847920047304997,0.9999859347640196,0.0
316,0.6176037892949569,0.08801894647592977,0.9999999999996182,0.0
104,0.6175871645351257,0.08793582267562856,1.0,0.0
152,0.6173490141948392,0.08676504065821723,0.9999933434386598,0.0
39,0.6170898721145535,0.08544936057368556,0.999999999999694,0.0
589,0.6170897642422177,0.08544882127269535,0.9999999999794644,0.0
486,0.6169460918902246,0.0847304594511234,1.0,0.0
5,0.6168905416358036,0.08445270842184813,0.9999999999190566,0.0
412,0.6168768995761044,0.08438449789632199,0.9999999999947332,0.0
680,0.6167472424740794,0.08373621237594807,0.9999999999981497,0.0
89,0.6167379042838285,0.08369056595802774,0.9999996518203715,0.0
238,0.6166453349229911,0.08421009153936523,0.9996721943585303,0.0
198,0.6164835777821106,0.08242785890018765,0.9999966766701219,0.0
258,0.6164701192109586,0.082357006158691,0.9999978632987008,0.0
457,0.6164476103275948,0.08223805163797386,1.0,0.0
215,0.6162694328789334,0.08134719625103905,0.9999999893812094,0.0
340,0.6160904498890276,0.08045229043018218,0.9999999863383187,0.0
110,0.6160479230525708,0.08023961526285432,1.0,0.0
743,0.6158787897873373,0.07939394893668669,1.0,0.0
624,0.6157949863870321,0.07897745279278731,0.9999991597141245,0.0
595,0.6155853706172204,0.07792685308643912,0.9999999999998876,0.0
540,0.6155023111175412,0.07751187867362476,0.9999998923046939,0.0
428,0.6154205713631716,0.07710303426322251,0.9999999408508786,0.0
765,0.6153058496253413,0.07702929978576283,0.9998333161136478,0.0
59,0.6151703548871387,0.07641216400021926,0.9998132034784915,0.0
703,0.6151661893018788,0.07583108935741496,0.9999999523839931,0.0
66,0.6151171423391368,0.07558812733611654,0.9999991947865225,0.0
608,0.6149656061672913,0.07482803083992194,0.9999999999988449,0.0
462,0.6149188874909549,0.09052481340664113,0.9946898746827112,0.0
263,0.6148141344920097,0.07407068032348005,0.9999999973788561,0.0
270,0.6147133273390283,0.07356708303280966,0.9999998512207774,0.0
512,0.614662844003502,0.07331800076319836,0.9999987397514373,0.0
380,0.6146069849219155,0.07630236397834687,0.9989108535437435,0.0
220,0.6145635452334048,0.07281772797919575,0.9999999993959429,0.0
659,0.6145271937799112,0.07263596889955665,0.9999999999999998,0.0
678,0.6145017975198113,0.07250898767232822,0.9999999999755761,0.0
522,0.6144002378555156,0.07200118927794172,0.9999999999998788,0.0
188,0.614377337102684,0.07188668631001567,0.9999999997344682,0.0
521,0.6142626895646657,0.07140788088307841,0.9999685223134168,0.0
435,0.6142440357011965,0.07122017903015088,0.9999999998252772,0.0
368,0.6142245405554958,0.07112288200098604,0.9999999402588309,0.0
252,0.6138349876889505,0.06924177746277829,0.9999777203273248,0.0
567,0.613630947560654,0.07012582898674433,0.9993429696055084,0.0
123,0.6135457581688212,0.06772879108683715,0.9999999999190895,0.0
554,0.6135106689300829,0.06755334586881688,0.9999999995938658,0.0
140,0.6133784052616261,0.06689202675123086,0.9999999998523,0.0
338,0.6131907558072134,0.06595755814932511,0.9999987402955808,0.0
175,0.6129934651270276,0.0680247456844004,0.9989808599835792,0.0
448,0.6129930692906379,0.06496535188598712,0.9999999981890675,0.0
687,0.6129289908218869,0.06464767392851173,0.9999990933936409,0.0
79,0.6128057018934101,0.0640285114982051,0.9999999993229484,0.0
4,0.61262598801558,0.06312994011098329,0.9999999999889724,0.0
128,0.6125637154347112,0.06282085409735995,0.9999992410253987,0.0
322,0.6124781861100208,0.062391061924980444,0.9999999562083745,0.0
736,0.6122537256112818,0.06126862805640889,1.0,0.0
262,0.6121296733320175,0.06490050856637415,0.9985826193645712,0.0
445,0.6121170515331552,0.06058526791494293,0.9999999965836112,0.0
223,0.6121005781164888,0.0605029425252036,0.9999999826857467,0.0
704,0.6120411415304307,0.06840052712376866,0.9972683935094615,0.0
93,0.6119137884107747,0.059593020789794636,0.999991973754693,0.0
546,0.6118370979664587,0.06035659417105187,0.9996096318870805,0.0
580,0.611779773313888,0.06426107668921811,0.9982125966267406,0.0
201,0.6113071740218596,0.0596486873337947,0.9989623942585012,0.0
317,0.6112770797533701,0.09193212549655658,0.988151091090098,0.0
637,0.6112555490579606,0.05627774948601999,0.9999999986012611,0.0
342,0.6112131188670663,0.05606634342536073,0.9999997503033238,0.0
549,0.6110614817947375,0.0553074090120444,0.9999999999872144,0.0
665,0.6108786089909645,0.056540345796175354,0.9992842330528823,0.0
77,0.6104975257985739,0.05362652128767453,0.9996203692350649,0.0
375,0.6104805235218101,0.0677091423800137,0.9948978250763458,0.0
753,0.6098688940493889,0.08380748027212573,0.9885123299916063,0.0
185,0.6096588229322435,0.07081338947281393,0.9924935750628012,0.0
479,0.6095712610942817,0.04785883780583589,0.9999991558885243,0.0
394,0.6088936506518273,0.04453907010427572,0.9999763943849536,0.0
629,0.6084380078633265,0.042978665204063404,0.9997371247041895,0.0
379,0.6084317757869947,0.043930861196031665,0.999409339246314,0.0
396,0.6082980628477849,0.04171158511447354,0.9999262430414837,0.0
429,0.6082631510804902,0.05756240005453761,0.9945844517826378,0.0
124,0.6081753275428199,0.04477956724875411,0.9986990234884485,0.0
493,0.6080058153284283,0.048781988688963225,0.9970823626510594,0.0
385,0.6055338534503658,0.05983268181751378,0.9892788618114384,0.0
723,0.6053312488011213,0.030392699730992297,0.9987545147582048,0.0
644,0.605261199280668,0.07236664704413608,0.9846464497864014,0.0
752,0.6024604407663721,0.11192468047511968,0.9667925077855802,0.0
29,0.599919342394764,0.03980304223120876,0.9865978899142036,0.0
49,0.5978762940600908,0.06278515892999938,0.9755321037901515,0.0
398,0.5958930362235333,0.05364257359036257,0.9752742025091012,0.0
469,0.5847839053539845,0.08492911235316172,0.9463301381389204,0.0
137,0.5844689315905808,0.09364754179568274,0.9428990387190737,0.0
664,0.5839401118372987,0.05284718112878366,0.9556177926859033,0.0
434,0.5804174561261649,0.08131652501848188,0.9402569185374476,0.0
367,0.5774228306637413,0.05246874591660655,0.9448818024673666,0.0
305,0.57139558753623,0.07538760442344705,0.9271967777525677,0.0
381,0.5682947348939139,0.08195576969184737,0.9198393015925742,0.0
579,0.5663480987465812,0.09159867134499991,0.9133806074626354,0.0
577,0.5553542138828448,0.05985334391654992,0.9056392418325581,0.0
118,0.5552689688707807,0.05031170346827549,0.9086777136285427,0.0
154,0.5544422047590523,0.054912647487534674,0.9057661254359091,0.0
630,0.5543553474369327,0.060558984110962055,0.9037392510245672,0.0
298,0.5538968550408,0.07320658179634852,0.898759231135884,0.0
653,0.5478702519869244,0.047839007572816776,0.8971707507872684,0.0
476,0.5473047134844783,0.02449444202227967,0.9040097084667039,0.0
390,0.5453228191697368,0.1027180187033963,0.8746320257150958,0.0
186,0.5412339838243146,0.08870859672144413,0.8724871074667098,0.0
266,0.5349230129429239,0.05004799412104317,0.8748556901978589,0.0
318,0.5343896240794381,0.08985425123550207,0.8606979563872295,0.0
640,0.5271693904986766,0.03993067542998486,0.8653054256877993,0.0
53,0.5233988742262343,0.07630781489543578,0.8468955187452452,0.0
533,0.5218359685831256,0.0366560917174754,0.8575079170660511,0.0
529,0.5196893802229776,0.053450082877496384,0.8483322727457973,0.0
728,0.5071329112838467,0.1030537496580101,0.8108702689204079,0.0
163,0.5067846442685938,0.0637675354532669,0.8233852286299007,0.0
525,0.5054259133415734,0.04776392574546346,0.8264552136541345,0.0
268,0.5038422344987094,0.05401746781371971,0.8217312348932757,0.0
513,0.5022113574328988,0.050397613682446024,0.8202197244940161,0.0
35,0.4981238137752361,0.03322254312908347,0.8191321752490325,0.0
209,0.49741187148937754,0.05246443487699388,0.8115316408566313,0.0
281,0.4944358736709168,0.05128731360100825,0.8069640182511919,0.0
69,0.4923626640022195,0.06188896836013712,0.7999747838836535,0.0
147,0.4907371400343501,0.06220501825926084,0.7971602273041632,0.0
371,0.48872245370879747,0.057573900635185256,0.7953461226362674,0.0
758,0.48679726917349747,0.0953861905373452,0.7795333851100474,0.0
485,0.48527582853349255,0.06655362908959273,0.7866085045259568,0.0
534,0.4817117518797119,0.07797060991234747,0.776862716495404,0.0
50,0.48104806723331994,0.04916423137423087,0.7853587015974564,0.0
285,0.48076399871229314,0.059211664830856256,0.7815361095768698,0.0
532,0.4767225670750255,0.08437979424215747,0.7664110137109901,0.0
73,0.4736367052941981,0.06517801452973368,0.767668503980419,0.0
688,0.4734435248831945,0.044196946166295645,0.7743402260832257,0.0
685,0.4717685744328473,0.027411051611804453,0.777143940184144,0.0
343,0.4709027812489328,0.0440422387482576,0.7701572224988023,0.0
484,0.46390902945220996,0.052274679269350845,0.7557568226638997,0.0
470,0.4629430158386849,0.05098380582526058,0.7545770911227213,0.0
307,0.4458361351308865,0.050006987321794864,0.7263912294442125,0.0
363,0.44467010085290193,0.040508218572314146,0.7276140952307318,0.0
581,0.4425422319846437,0.0444927403477657,0.7227394731918176,0.0
504,0.4354907831334047,0.05411942852340109,0.7077781623812075,0.0
582,0.4322156823309229,0.034845902754912825,0.708744169633234,0.0
417,0.42828711055781926,0.0755903274373978,0.6886150751172329,0.0
33,0.42824753012201366,0.04950613389539783,0.6972438389048902,0.0
617,0.4221188785715537,0.041634096668076326,0.6896534320632307,0.0
400,0.42126056704506104,0.0720919986962034,0.678070278843034,0.0
216,0.42072890759137915,0.06831965499988142,0.6784416276523382,0.0
690,0.4131692695778143,0.0316355113599697,0.678070278843034,0.0
747,0.4043051310365885,0.046935671498270264,0.6581966612282241,0.0
411,0.4021701440027559,0.04883477846425339,0.6540053138498421,0.0
528,0.4019210638671563,0.04336056080805381,0.6554149195092426,0.0
383,0.4019099134773969,0.07352706007412464,0.6453408357709532,0.0
199,0.40134059411107526,0.05776372043289827,0.6496464167074927,0.0
243,0.39881465092025903,0.02706233276508332,0.6556703072787373,0.0
767,0.3973146654884373,0.05824012515419925,0.6427777340959958,0.0
403,0.39640232713345697,0.042352442063614465,0.6465530645345567,0.0
330,0.39569313577339843,0.07352948716093079,0.6349787305686871,0.0
635,0.3912623268547051,0.05782530366701625,0.6328287768688364,0.0
674,0.3909675848021999,0.06692583835207824,0.6293040285529737,0.0
166,0.38995351079251506,0.033959416537505165,0.6386027124750234,0.0
256,0.38480451481094513,0.04172977598523583,0.62743093268983,0.0
626,0.3806539559808409,0.05404652456512345,0.6164077517796938,0.0
535,0.3797876725846809,0.05051739349260743,0.616140323143599,0.0
246,0.37917444960816277,0.03943005324327784,0.618814064932512,0.0
756,0.3783967735253458,0.051524752192598056,0.613486371811377,0.0
633,0.3781179278925351,0.04804054228952785,0.6141830323910493,0.0
604,0.3775647717300655,0.04471718517914456,0.614368891157061,0.0
194,0.37468678233748065,0.0810096110393614,0.5974747668826806,0.0
335,0.3726049875375043,0.022129828686589532,0.6136317030003107,0.0
548,0.3723415456748143,0.1171561982217133,0.5815171767174527,0.0
20,0.3705349078371015,0.03945733416622766,0.6044057350064267,0.0
762,0.368045610914544,0.060471116728615354,0.5932523126147016,0.0
204,0.36731598725318126,0.05501900365387302,0.5938536442040111,0.0
437,0.3615996737367138,0.05151156798382705,0.5854956002332473,0.0
214,0.3598143247507892,0.08514664777717758,0.5713083253255895,0.0
438,0.352778349143608,0.055017851991924396,0.5696246312420385,0.0
251,0.35248021671637875,0.045233300351182414,0.5723892610769038,0.0
550,0.3500536986978082,0.07771814346274838,0.5575167833420976,0.0
158,0.3480899831832551,0.026401239479985895,0.5713495588120966,0.0
490,0.34088009358800997,0.06726734778452065,0.5457110400518431,0.0
217,0.33993689258949644,0.060195376911368954,0.5464963620120378,0.0
750,0.3385781754879613,0.022200268026865887,0.5568968698043135,0.0
499,0.32787176822485475,0.03815378891603653,0.5337350174027458,0.0
739,0.3278370969249551,0.053875495698418305,0.5284366629754524,0.0
308,0.3203336197196128,0.06699694225191545,0.5115570521153829,0.0
23,0.31915627637111865,0.07506040028522769,0.5069069938567886,0.0
392,0.3181058311574798,0.02916043608936657,0.5204562398993442,0.0
10,0.31789402962610375,0.054798991784369956,0.5115570521153829,0.0
672,0.31745304280930736,0.07079363289414399,0.5054905270507977,0.0
359,0.31532971762284046,0.03475494689496069,0.5139645470730806,0.0
621,0.3134806893550872,0.037888230894581314,0.5098384052936182,0.0
84,0.31248229640262243,0.06791393107515623,0.49816585031265204,0.0
341,0.31105547251618837,0.03284360628878967,0.5074779187640508,0.0
497,0.30736441269180825,0.04544235549163239,0.49712656932246957,0.0
161,0.30576476586712914,0.048901566782064726,0.49330742085119367,0.0
748,0.30525008552909194,0.029836872935016537,0.4988045182368144,0.0
320,0.30278967596432377,0.049611124942216554,0.4881124182931341,0.0
515,0.29812266542627797,0.036437765677485516,0.4847251871513015,0.0
652,0.29733400711221375,0.02882345480039228,0.48594886025355877,0.0
502,0.2972259237556433,0.05618597105960503,0.4766478825728705,0.0
717,0.29069571493088336,0.02909169810428059,0.4747956255167121,0.0
414,0.28748711331971094,0.04225926364068457,0.4650587676526234,0.0
745,0.28578754998059863,0.04924362292247801,0.4598980423268384,0.0
735,0.2848368717280354,0.03602269239426092,0.4627205554153054,0.0
70,0.28047458070311665,0.034468818341480634,0.4559680283913676,0.0
25,0.27367127135773067,0.05908588631122318,0.43642349015914345,0.0
648,0.27263249606237644,0.028622214625692838,0.4448467552287298,0.0
556,0.27201895730697356,0.05082431605743757,0.43642349015914345,0.0
24,0.2717185431759976,0.03353300167304196,0.4416865714023153,0.0
233,0.26015228110593785,0.05965700491610488,0.41370146687119486,0.0
275,0.25845680641212554,0.0756364999845903,0.4055491773586792,0.0
691,0.25505230571038173,0.07182173906024043,0.4011465964972228,0.0
473,0.2512906090323994,0.05534104266922722,0.40037066749759,0.0
226,0.24728252321761995,0.0337450844999997,0.4008891771960334,0.0
496,0.2424417897262673,0.027232378689688926,0.3949921899805492,0.0
514,0.24040972606408378,0.04249086168242003,0.3865192562126663,0.0
292,0.23595435599107686,0.025051696158112098,0.38490669459909077,0.0
610,0.23473392300803778,0.035046896362319446,0.3795409062259565,0.0
354,0.2331224457295638,0.05374465140037722,0.3706225257491473,0.0
101,0.23301781053646564,0.031291647730102325,0.3779324683174087,0.0
315,0.23285626821898037,0.026501831180670853,0.379259836638077,0.0
374,0.22757807204697933,0.08140657642405526,0.35216126127028047,0.0
222,0.224335940579614,0.0515224537440786,0.3567190830513305,0.0
245,0.22392314019530624,0.03327636072112945,0.36211311341846725,0.0
526,0.2219886504718337,0.05733539042645295,0.35086928731090516,0.0
603,0.21952477335462312,0.015171146865844077,0.3608175733024238,0.0
669,0.218673687598998,0.030933163106702237,0.35414509162942925,0.0
673,0.2178716925681418,0.0400709220550271,0.34976251359522725,0.0
100,0.2142128234188527,0.05334361341086861,0.339240167894465,0.0
700,0.21412847086438327,0.041592873005960256,0.34301649377198534,0.0
641,0.21379602219635546,0.020360532846464757,0.34953985937843757,0.0
446,0.21000796342357733,0.03231931343449175,0.339240167894465,0.0
620,0.20995222446183387,0.058790496317814404,0.33032354199711833,0.0
37,0.20988159837739057,0.03434754733060874,0.33835348151878136,0.0
763,0.20942985521360644,0.038705595628971384,0.33614789347968693,0.0
319,0.20853155880685526,0.07991626925282416,0.32091384159381736,0.0
650,0.207681909560228,0.023052801498748016,0.338452248767464,0.0
539,0.20674541198756202,0.08329386352907081,0.31681106546957977,0.0
155,0.20460953857096031,0.046199906089299844,0.32561592892183394,0.0
312,0.20420551549514518,0.03005695148437097,0.33032354199711833,0.0
241,0.20305649888222718,0.06903556594166355,0.3154156428231574,0.0
427,0.1973363319915796,0.0947163933562768,0.29732175553387374,0.0
483,0.19619497916057563,0.037391120594703724,0.3145279250693915,0.0
541,0.19031428894761945,0.04347898348301802,0.3026974870850264,0.0
328,0.18993827514143366,0.014459508809278307,0.31174395563263,0.0
498,0.18891488033229828,0.029022590080608878,0.3051839371936275,0.0
260,0.18360767332769548,0.020876256121637377,0.2990540368389467,0.0
666,0.1814714464435483,0.03266003238647192,0.29156573327708984,0.0
16,0.17897047313981052,0.012379235166316945,0.2941577101775785,0.0
465,0.1782502159271861,0.04256381297651686,0.2828957555531379,0.0
757,0.17598069569994082,0.03431827808774623,0.28186173347065263,0.0
309,0.17514424161966127,0.01797752066874215,0.2859145624765214,0.0
135,0.17453694826893473,0.04813963883679418,0.2748483675026265,0.0
277,0.1735293834057204,0.037505551592156065,0.27671378847881534,0.0
572,0.17310291304813671,0.01704797944735931,0.2828221952644414,0.0
145,0.1685386424155202,0.03754719100351815,0.2683820070246943,0.0
34,0.1652601736721459,0.029998790752307505,0.265434025869474,0.0
492,0.16434384027480717,0.04611745753766683,0.258533914612123,0.0
530,0.16352121011338114,0.04565046916733896,0.2573185271331889,0.0
602,0.16221126444603,0.05400173593765147,0.2523515287641662,0.0
358,0.15783107590990958,0.028065257998380496,0.2536967071837225,0.0
482,0.15547896381750412,0.03811178945574722,0.24642767654392445,0.0
239,0.15439306692624602,0.043580007243887255,0.24279510912911426,0.0
755,0.15297068512063694,0.02120145005003514,0.24788399185104987,0.0
278,0.15149095455588904,0.026824157658191315,0.24354353837375128,0.0
450,0.1514618889497925,0.05515245657680179,0.2340523293907203,0.0
207,0.14854125592363757,0.021738229259433372,0.24032268345291816,0.0
336,0.14476094603134107,0.03432722065208984,0.22982583650153848,0.0
54,0.1424901534992416,0.016165007937241835,0.23209525318632207,0.0
234,0.14206497032621856,0.019921596403565448,0.23013441840917584,0.0
727,0.14155352431400336,0.054698765565916366,0.2176896186680335,0.0
301,0.1378386291672526,0.02444935696175189,0.2215812629581704,0.0
586,0.1377258848851641,0.021819488535686545,0.22226997863004466,0.0
189,0.1355314705627871,0.023008695053675737,0.2182162192534199,0.0
519,0.13527516335751805,0.025922983128067015,0.21681761121984106,0.0
491,0.13189430539680155,0.03217697001712245,0.20909818565562846,0.0
737,0.1271515123763683,0.049629218926761406,0.19537611431836005,0.0
575,0.12657390034977012,0.025893018158304276,0.2023254945301821,0.0
172,0.12589380929348531,0.033764389188404506,0.19856821909300737,0.0
632,0.12504389352774645,0.029005521531634035,0.19873798203569942,0.0
71,0.12324305072524105,0.04287361994970773,0.19111387789216586,0.0
88,0.12229540385140088,0.01427374815482427,0.19906775703406004,0.0
475,0.11961716412517477,0.03765129690493797,0.18681150790697862,0.0
395,0.11883928597178514,0.02312953307684294,0.19035563226069427,0.0
419,0.11875855848114274,0.015105438202024745,0.192895784734563,0.0
369,0.11465772896085336,0.03033975969466441,0.1809829617032008,0.0
421,0.11459795585190616,0.02759697199372634,0.18179760242193482,0.0
169,0.11450264360918079,0.02457219339870734,0.1826470082157322,0.0
170,0.11417727055217013,0.017096196165273695,0.18459671886519233,0.0
695,0.11314066289396983,0.023945207735713726,0.18058603557804515,0.0
622,0.11283898550179364,0.022436820774832767,0.18058603557804515,0.0
177,0.11106820628578032,0.024639333591719006,0.17690056594572753,0.0
571,0.1065127980599998,0.024881137378049926,0.1692276176406497,0.0
332,0.10451545201524211,0.030655977995315945,0.16397376069363154,0.0
323,0.10397643138995809,0.00883856695675729,0.17034786333101107,0.0
657,0.10386825085053623,0.009394284998825327,0.16998232308461864,0.0
721,0.10225377590197991,0.010777752620920277,0.16683037562965977,0.0
121,0.10140067993941207,0.05113256075523242,0.15195694631394263,0.0
538,0.09694759830796086,0.025676616758204103,0.1530204582605334,0.0
325,0.09484727685292899,0.08170121296693841,0.13084505709923552,0.0
651,0.09302199213979567,0.03108083778715033,0.14467637430394267,0.0
441,0.09207171378658315,0.015564376860231028,0.1482647306908949,0.0
413,0.09037381501089742,0.07024409683591705,0.12720832607285668,0.0
86,0.08694709271579791,0.044894932610208146,0.12994684365626047,0.0
590,0.08616437495133787,0.01314839454246176,0.13922449340474255,0.0
326,0.08495422170819289,0.0188296717292018,0.13531381227058756,0.0
738,0.08382569531044679,0.02204591295886827,0.1323608545311219,0.0
221,0.07974303682411815,0.043987368831671966,0.11824260509630626,0.0
511,0.07935823336910401,0.01134507060811376,0.12848203207913544,0.0
116,0.07861111799921956,0.018796309894521402,0.12475309336719215,0.0
265,0.07851658649754314,0.0751150605851658,0.10582262396751664,0.0
180,0.07797506787146288,0.18723251410224928,0.06754760841835505,0.0
568,0.0758088518315968,0.014012218051311557,0.12167734703555749,0.0
80,0.07490930061350748,0.021928645442756915,0.11753928587492685,0.0
628,0.07365200961704702,0.019740319274585822,0.1161732429368831,0.0
165,0.07278015045917463,0.026353268414539305,0.11251582796044463,0.0
31,0.07073626790579618,0.024733952079439393,0.10964912914984719,0.0
766,0.07026984580754342,0.018292887858842432,0.11101878039295822,0.0
697,0.06945211857529994,0.013747958359370191,0.1111708781723765,0.0
709,0.06928895683758582,0.028976912285379148,0.10582262396751664,0.0
213,0.06584128338339966,0.12154821557988339,0.06921940044570497,0.0
144,0.06570684025550064,0.053596983621648046,0.09164573921861839,0.0
264,0.06413632072640803,0.046111449110762745,0.0915233848404258,0.0
17,0.06124073669149227,0.0496412669842902,0.08552080549105705,0.0
386,0.061002002749985774,0.03998877113897153,0.08834041420365245,0.0
0,0.06078794703713075,0.037916809043898166,0.08867430871391854,0.0
430,0.05989580675286084,0.03419848176446747,0.08842685066661224,0.0
668,0.05942303314134297,0.0501926314940473,0.08230751140422252,0.0
57,0.05936201421958689,0.0222082808401612,0.0915339300859244,0.0
159,0.058526572600195524,0.004598818386352751,0.09601134820487496,0.0
22,0.05819708911673738,0.0242650957647298,0.08890678327298569,0.0
200,0.057711100772298005,0.00891328159384696,0.09321407408921435,0.0
464,0.0550321181624026,0.029283314794760006,0.08195909200575101,0.0
543,0.05289144928243413,0.06622598067535712,0.06607708857893785,0.0
219,0.05273316443645073,0.042059619573952114,0.07386873420276717,0.0
9,0.05242779986784942,0.03433522958418397,0.07593458991835438,0.0
601,0.05183103883524793,0.020541630634949258,0.07953785451376347,0.0
667,0.05171680139842569,0.062015437431727195,0.06552285652013376,0.0
90,0.05114112499759687,0.032664600513757205,0.07434700815807571,0.0
47,0.05101838444204726,0.04653772190261736,0.06951806676920631,0.0
106,0.05007982243071888,0.03419998253582647,0.07206637653925597,0.0
732,0.05001879277487367,0.04251200276892465,0.0691939870351479,0.0
364,0.0499370752417983,0.023438558534357386,0.07541560589154471,0.0
671,0.04894174326039483,0.027657287315893998,0.07235047632869339,0.0
714,0.04888183150044281,0.02933107378325683,0.07169269457298574,0.0
494,0.04872715058636507,0.03920795206712169,0.06814260028823456,0.0
389,0.0466155662748074,0.035618957426805584,0.06581962464907715,0.0
591,0.0439087941315519,0.016199100327633845,0.06778162344337522,0.0
7,0.04356606554934077,0.01959906200989032,0.06607708857893785,0.0
716,0.04327478563190042,0.012487990233034096,0.06796197930882267,0.0
725,0.0427819814827165,0.05524697602050219,0.05288764379769344,0.0
149,0.042761352389699074,0.02591754611141518,0.06262973861236007,0.0
257,0.04238833445629528,0.06853123665340571,0.047803478542690236,0.0
722,0.042372977123297725,0.029768411395453356,0.060698824740345096,0.0
439,0.04233383345363418,0.015451753540386236,0.06540580457592822,0.0
761,0.0421067393988378,0.030552985743589195,0.0599935704168666,0.0
606,0.04088225843624254,0.017370378799378614,0.06234697112727803,0.0
250,0.040674692660749814,0.025270020501912974,0.05936781426727869,0.0
279,0.039832422632087805,0.019058385400510733,0.0600345759199761,0.0
273,0.03965126800236715,0.054436109935860455,0.047940076691991775,0.0
615,0.038584413130727746,0.01964776829573778,0.05775809911930031,0.0
563,0.037388167278188826,0.006560947047107543,0.06012662978127887,0.0
289,0.03664020292328159,0.03518420098028394,0.049338937878707995,0.0
228,0.03647738230894273,0.015048488517912524,0.055779474342267044,0.0
686,0.03580405087689206,0.028081807108240465,0.05031281575873996,0.0
174,0.035612360525084624,0.018872365440803923,0.0530631457282064,0.0
254,0.034335374934240145,0.020137104372091697,0.05051325676636968,0.0
480,0.03299127289146811,0.021150782618351464,0.047935193946329696,0.0
324,0.03275959296425528,0.05875455376031155,0.03501447035365494,0.0
14,0.03206550601504722,0.052060462281275956,0.036089022597986714,0.0
350,0.030736653770994257,0.02040517055871749,0.044426032765417935,0.0
365,0.029947702019089303,0.03665991714541242,0.03769286431667803,0.0
587,0.029862791123845007,0.014328237145825207,0.04499523949113327,0.0
202,0.029023710028937538,0.028738838429991496,0.03879323723823206,0.0
720,0.028380700876982305,0.02694981010486786,0.03831789809334789,0.0
573,0.027950769128819143,0.028579954243543208,0.03705796380018417,0.0
696,0.027609366924281564,0.03430491133397062,0.0345806410958124,0.0
509,0.02705306875193191,0.04192951396100247,0.03111194326621903,0.0
557,0.02682737305467274,0.020020476477766714,0.038038796265198994,0.0
181,0.026153816064593834,0.011726213477090634,0.03968095561529285,0.0
236,0.025071157331458253,0.08090209410617628,0.014817897517038325,0.0
598,0.02396422589085805,0.017808648074708697,0.034004160459860516,0.0
156,0.02341158556920771,0.009880574102399604,0.035725784581212984,0.0
558,0.023078757853208343,0.02360657877108615,0.030595736831651853,0.0
372,0.022461261176003788,0.026303173383917897,0.02866771083203368,0.0
232,0.022130485505743213,0.046437402043452036,0.021405008495088012,0.0
360,0.021607883813511003,0.01832296297226906,0.02990548536509532,0.0
420,0.02109499826910726,0.012322348921384759,0.031050880808050515,0.0
108,0.02068736118357314,0.008798103163601731,0.03154623425142133,0.0
643,0.020544663951140112,0.031601528631925085,0.023707263707925162,0.0
451,0.0205003314879417,0.053077114126217045,0.01647484777116382,0.0
625,0.01971823826484203,0.021539219240068713,0.025683990694713808,0.0
345,0.018274772216135896,0.01315710773861115,0.02607225111402278,0.0
48,0.016932250827380535,0.05458633762303427,0.010024972171289467,0.0
679,0.016716428574874532,0.012460351750597183,0.023707263707925162,0.0
122,0.016006855305255023,0.05362797235024651,0.008802101392009536,0.0
81,0.015642912954919118,0.03978393825811378,0.012810208838827272,0.0
151,0.015358898988230365,0.03530429301181951,0.013830067309777436,0.0
699,0.015250410947252751,0.03334694065601733,0.014301704693415474,0.0
523,0.015029095591278893,0.010930452471130434,0.021405008495088012,0.0
28,0.014979408342939494,0.010540668250148185,0.021452124488183094,0.0
631,0.014662320060765937,0.020175437632483965,0.017712054223781908,0.0
384,0.014575285460283846,0.04059193233325371,0.010761498322721842,0.0
402,0.01393671305401047,0.019067351315081246,0.016872071318323703,0.0
58,0.013934183946392894,0.0309973958377096,0.01289117463141829,0.0
109,0.01392542995874129,0.047314936170857184,0.0074374045409497545,0.0
694,0.013838453124691345,0.03641217688387035,0.010926696246528792,0.0
611,0.013643659629449696,0.029687982205835205,0.012843438647137757,0.0
424,0.013378696758947655,0.023804216954988168,0.01436308894658337,0.0
710,0.012920738256262766,0.02631578293838108,0.012762636114310914,0.0
218,0.012151203129066451,0.012316779247545637,0.016146412132595538,0.0
517,0.01209630590713924,0.013066752569841704,0.015804925655284834,0.0
408,0.012080098502583929,0.008239597255388831,0.017386965085843604,0.0
306,0.011754554671646104,0.01346400198781942,0.015102923790137033,0.0
510,0.011215599140807627,0.05451564305804938,0.0005207842153295844,0.0
719,0.011136673004955952,0.0030952237158261577,0.017529380436317868,0.0
361,0.010661443592272248,0.03362429419580571,0.006560974588518509,0.0
599,0.010115167384917516,0.004907732514862327,0.015222701469908418,0.0
619,0.009885593238455278,0.01735815132669471,0.010689938288527226,0.0
91,0.009136138658957533,0.017007142118548087,0.009557850392079861,0.0
741,0.007761540454722793,0.0326279191466416,0.0020599277089907884,0.0
11,0.007737216063352867,0.020122760379370542,0.006187773312464597,0.0
283,0.007534305504472223,0.025690320538006597,0.003993735661451506,0.0
578,0.006772739257909926,0.013603342554488876,0.006753451245020251,0.0
130,0.006559189649848593,0.010750268087301498,0.007348560053980489,0.0
244,0.006473934555118698,0.009569260391749341,0.007600137461281384,0.0
681,0.005997961876549564,0.026614328849352754,0.001125160177798355,0.0
597,0.0057215992207667685,0.02428639530143484,0.001440533600799666,0.0
516,0.005135422925629734,0.022655053341135514,0.001007353762337718,0.0
764,0.005057006427478774,0.025285032137393866,0.0,0.0
299,0.003940927052091986,0.01560604450988467,0.0013661969168584196,0.0
30,0.003539517661904315,0.0078643247089267,0.003277754533531625,0.0
167,0.003251272966999119,0.0,0.005418788278331865,0.0
