dimension,w_statistic,p_value,p_value_bonferroni,p_value_bh
0,231499.0,0.04011811393708853,1.0,0.04661227156381844
1,76971.0,3.1632878973614756e-80,2.4294051051736134e-77,3.374173757185574e-79
2,98616.0,7.177450768739861e-62,5.512282190392213e-59,4.3748271352319154e-61
3,135346.0,2.8015338774229816e-36,2.15157801786085e-33,8.275300068695576e-36
4,154874.0,1.6265266437778937e-25,1.2491724624214223e-22,3.808452629333605e-25
5,156637.0,1.2193502310497616e-24,9.36460977446217e-22,2.795405902824528e-24
6,173823.0,5.966389269584337e-17,4.582186959040771e-14,1.1068084442127466e-16
7,234779.0,0.09036151068823203,1.0,0.10172418641336808
8,144541.0,5.769198152795943e-31,4.430744181347284e-28,1.5438133036053254e-30
9,233262.0,0.06294944849760378,1.0,0.07237301863197561
10,198467.0,1.4422558004919325e-08,1.1076524547778042e-05,2.1178823227109065e-08
11,247868.0,0.7942933295628842,1.0,0.804772133382975
12,106301.0,6.147084057943288e-56,4.720960556500445e-53,3.1473070376669633e-55
13,166455.0,4.6257123149639864e-20,3.5525470578923414e-17,9.299861408095135e-20
14,240081.0,0.26565525441227966,1.0,0.2865494879053803
15,169174.0,7.00724629673848e-19,5.3815651558951525e-16,1.372848254054886e-18
16,212074.0,2.9300085649502072e-05,0.022502465778817593,3.859771145594784e-05
17,231931.0,0.04493708352720078,1.0,0.05197542191097921
18,125471.0,1.793575693895014e-42,1.3774661329113708e-39,6.436757630426966e-42
19,132454.0,4.850167181322159e-38,3.724928395255419e-35,1.5456134420146965e-37
20,193605.0,5.628355634304261e-10,4.3225771271456726e-07,8.576541918939826e-10
21,137426.0,4.871548030698233e-35,3.741348887576243e-32,1.3960257043194936e-34
22,231463.0,0.0397371045003526,1.0,0.04623953978222848
23,198728.0,1.703217689426356e-08,1.3080711854794414e-05,2.4868273488202308e-08
24,202445.0,1.6691329360733645e-07,0.0001281894094904344,2.3651182562810775e-07
25,202756.0,2.00567999818961e-07,0.00015403622386096205,2.8365541594404795e-07
26,95747.0,3.653006374777892e-64,2.8055088958294208e-61,2.2809015413247324e-63
27,148879.0,1.3071635725026019e-28,1.0039016236819982e-25,3.313206678818476e-28
28,243344.0,0.44968049762139317,1.0,0.4750407457678541
29,175665.0,3.2341685205960806e-16,2.48384142381779e-13,5.885880151226991e-16
30,248891.0,0.8817434157438457,1.0,0.8898540647717129
31,228854.0,0.01917768656101145,1.0,0.022589667605608578
32,134920.0,1.551023084748976e-36,1.1911857290872136e-33,4.61699894995044e-36
33,189091.0,2.162402035423029e-11,1.6607247632048862e-08,3.474319588294741e-11
34,214222.0,8.022941953330421e-05,0.06161619420157763,0.00010408140912428654
35,183630.0,3.0450527129359753e-13,2.338600483534829e-10,5.151102386640593e-13
36,122325.0,1.4945678284539114e-44,1.1478280922526039e-41,5.571981030352446e-44
37,208967.0,6.215029629148615e-06,0.004773142755186136,8.388651590836795e-06
38,73325.0,1.4756003942345118e-83,1.133261102772105e-80,1.7434786196493922e-82
39,151769.0,4.280106720168491e-27,3.287121961089401e-24,1.056952399064116e-26
40,45342.0,2.0183513605514448e-111,1.5500938449035096e-108,7.381399261445284e-110
41,152389.0,8.930631596528402e-27,6.858725066133813e-24,2.1912859636210263e-26
42,69992.0,1.157200152015665e-86,8.887297167480308e-84,1.6457957717556125e-85
43,140622.0,3.546476650493894e-33,2.7236940675793104e-30,9.832830568878377e-33
44,104775.0,4.3150202235892924e-57,3.313935531716577e-54,2.269818857340121e-56
45,45292.0,1.7847213819198634e-111,1.370666021314455e-108,6.853330106572276e-110
46,53887.0,1.757328664909558e-102,1.3496284146505405e-99,4.498761382168468e-101
47,234224.0,0.07938845221488117,1.0,0.0903264167422648
48,246586.0,0.688368236392344,1.0,0.7048890740657603
49,176573.0,7.33161573618243e-16,5.630680885388106e-13,1.3279907748556852e-15
50,185104.0,9.961203441233143e-13,7.650204242867055e-10,1.655888364256938e-12
51,135794.0,5.205012228970082e-36,3.997449391849023e-33,1.5257440426904668e-35
52,66378.0,4.274297861991016e-90,3.2826607580091e-87,7.136219039150217e-89
53,182443.0,1.1508507281107151e-13,8.838533591890292e-11,1.9684930048753436e-13
54,216871.0,0.00025844026337198793,0.19848212226968673,0.0003291577483742732
55,134307.0,6.598976458743989e-37,5.068013920315384e-34,2.011116635045787e-36
56,79148.0,2.85931963975314e-78,2.1959574833304114e-75,2.7110586213955696e-77
57,231112.0,0.03618053356714721,1.0,0.042228951032779724
58,245690.0,0.6176745280347639,1.0,0.6384576548192445
59,170779.0,3.3455120386806943e-18,2.5693532457067733e-15,6.471922533266431e-18
60,110255.0,5.270101186447821e-53,4.0474377111919266e-50,2.4679498238975166e-52
61,132838.0,8.359075901270538e-38,6.419770292175773e-35,2.6527976413949475e-37
62,64195.0,3.346770446735263e-92,2.5703197030926816e-89,5.711821562428182e-91
63,126657.0,1.057433124205636e-41,8.121086393899285e-39,3.742436126220869e-41
64,100487.0,2.1308405619571651e-60,1.6364855515831028e-57,1.2212578743157484e-59
65,131089.0,6.906329090402562e-39,5.3040607414291674e-36,2.266692624542379e-38
66,165254.0,1.3542236584315532e-20,1.040043769675433e-17,2.7808656943193394e-20
67,78420.0,6.38060423930146e-79,4.9003040557835214e-76,6.282441097158361e-78
68,147118.0,1.485785230653299e-29,1.1410830571417337e-26,3.829137775643402e-29
69,184461.0,5.958597483786918e-13,4.576202867548353e-10,9.991709317791163e-13
70,201613.0,1.0155124455095699e-07,7.799135581513497e-05,1.4442843669469438e-07
71,220413.0,0.0010906607410394232,0.837627449118277,0.0013553842218742348
72,114514.0,6.174346056895232e-50,4.741897771695538e-47,2.725228604422723e-49
73,185896.0,1.863325115792794e-12,1.4310336889288657e-09,3.0512445392939565e-12
74,51501.0,6.120047646589406e-105,4.700196592580664e-102,1.8077679202233323e-103
75,92070.0,3.6395526438713875e-67,2.7951764304932256e-64,2.4956932415118084e-66
76,84096.0,6.468097810112665e-74,4.967499118166526e-71,5.644885361552871e-73
77,171529.0,6.8734244687523524e-18,5.278789992001806e-15,1.3196974980004516e-17
78,131453.0,1.1639269120179705e-38,8.938958684298013e-36,3.8038122060842616e-38
79,158561.0,1.0534153119684848e-23,8.090229595917963e-21,2.3382166462190646e-23
80,227915.0,0.014491473346230452,1.0,0.01720162523942038
81,245734.0,0.6210713773981504,1.0,0.6402453930762141
82,135291.0,2.5959516967196875e-36,1.99369090308072e-33,7.697648274442934e-36
83,99324.0,2.6021969558471308e-61,1.9984872620905964e-58,1.525562795489005e-60
84,199214.0,2.316562165724951e-08,1.7791197432767624e-05,3.3631753181035204e-08
85,89338.0,1.929562852727629e-69,1.481904270894819e-66,1.467231951381009e-68
86,226508.0,0.009353448997173485,1.0,0.011206628439671197
87,102594.0,9.228865967978165e-59,7.087769063407231e-56,5.173554060881191e-58
88,219689.0,0.0008219881978124302,0.6312869359199464,0.0010298318693636973
89,164436.0,5.808735466276735e-21,4.461108838100532e-18,1.2024552124260195e-20
90,233498.0,0.0666962756345832,1.0,0.07645185027964164
91,246736.0,0.70049592411325,1.0,0.7163526893728043
92,58728.0,1.3845285224772116e-97,1.0633179052624985e-94,2.79820501384868e-96
93,167545.0,1.3897448432458036e-19,1.0673240396127772e-16,2.77227023276046e-19
94,124858.0,7.122048768274959e-43,5.469733454035168e-40,2.5922907365095584e-42
95,164134.0,4.241234456796827e-21,3.2572680628199635e-18,8.827284723089331e-21
96,20676.0,2.353927481582534e-139,1.807816305855386e-136,6.026054352851287e-137
97,114286.0,4.252939758094176e-50,3.2662577342163274e-47,1.888010250992097e-49
98,104096.0,1.3114897916885298e-57,1.0072241600167908e-54,7.043525594523013e-57
99,55465.0,7.149821866051368e-101,5.4910631931274505e-98,1.6639585433719548e-99
100,208901.0,6.006411022490704e-06,0.004612923665272861,8.135667839987409e-06
101,206351.0,1.5452518532708875e-06,0.0011867534233120417,2.138294456418093e-06
102,74111.0,7.815043291574013e-83,6.001953247928842e-80,8.826401835189473e-82
103,61283.0,4.74798769832607e-95,3.6464545523144217e-92,9.116136380786055e-94
104,143786.0,2.19419136220918e-31,1.6851389661766502e-28,5.892094287330945e-31
105,70336.0,2.4355821088915416e-86,1.8705270596287037e-83,3.400958290234007e-85
106,233842.0,0.07248495152817618,1.0,0.08271685404701233
107,118418.0,3.3190979927684953e-47,2.5490672584462043e-44,1.355886839599045e-46
108,241032.0,0.3129626374116091,1.0,0.33522357814799975
109,247420.0,0.7567291895638063,1.0,0.7707798641710918
110,134893.0,1.4938672060681443e-36,1.1472900142603348e-33,4.481601618204433e-36
111,119540.0,1.9549421519546164e-46,1.5013955727011455e-43,7.739152436603842e-46
112,121787.0,6.513557563806673e-45,5.002412209003525e-42,2.464242467489421e-44
113,71092.0,1.2437136392600998e-85,9.551720749517567e-83,1.6757404823715028e-84
114,90556.0,2.0172562234898954e-68,1.5492527796402397e-65,1.4615592260756977e-67
115,147966.0,4.2531748670632665e-29,3.266438297904589e-26,1.0924542802356484e-28
116,227091.0,0.011243408263456718,1.0,0.013408288115426647
117,120130.0,4.93719276292455e-46,3.791764041926054e-43,1.9345734907785995e-45
118,179826.0,1.270214584840668e-14,9.75524801157633e-12,2.242585749787662e-14
119,111010.0,1.8736103608907417e-52,1.4389327571640897e-49,8.668269621470419e-52
120,46456.0,3.104334849089694e-110,2.384129164100885e-107,1.0365778974351673e-108
121,224183.0,0.00432598414665032,1.0,0.005240308871652123
122,246975.0,0.7199769663226312,1.0,0.7352956251805596
123,156634.0,1.2152156862127053e-24,9.332856470113577e-22,2.794268404225622e-24
124,172869.0,2.4473007756617005e-17,1.879526995708186e-14,4.595420527403877e-17
125,141464.0,1.0754623463974352e-32,8.259550820332302e-30,2.949839578690108e-32
126,127449.0,3.425732703187304e-41,2.6309627160478493e-38,1.1958921436581134e-40
127,125959.0,3.729498159914338e-42,2.8642545868142115e-39,1.3260437901917647e-41
128,165194.0,1.273044212350136e-20,9.776979550849045e-18,2.621174142318779e-20
129,73396.0,1.715918330016552e-83,1.3178252774527122e-80,1.9967049658374424e-82
130,247460.0,0.7600613076289542,1.0,0.7731484559722342
131,73325.0,1.4756003942345118e-83,1.133261102772105e-80,1.7434786196493922e-82
132,144783.0,7.853508316523014e-31,6.031494387089674e-28,2.094268884406137e-30
133,168250.0,2.8098781141828625e-19,2.1579863916924385e-16,5.576192226595448e-19
134,154043.0,6.213382127932281e-26,4.771877474251992e-23,1.481949526165215e-25
135,213509.0,5.7764782055063644e-05,0.04436335261828888,7.519212308184556e-05
136,141145.0,7.071188536679634e-33,5.4306727961699586e-30,1.9464777047204153e-32
137,178326.0,3.4629636991169518e-15,2.659556120921819e-12,6.185014234701904e-15
138,111714.0,6.076701699562209e-52,4.666906905263776e-49,2.794555033092082e-51
139,168320.0,3.012356388673052e-19,2.313489706500904e-16,5.962602336342535e-19
140,157175.0,2.2382689929929858e-24,1.718990586618613e-21,5.10086227483268e-24
141,155816.0,4.794149925518723e-25,3.681907142798379e-22,1.1090081755416804e-24
142,116191.0,9.400384618592484e-49,7.219495387079028e-46,4.055896284875858e-48
143,91850.0,2.3946094723319944e-67,1.8390600747509718e-64,1.6568108781540285e-66
144,231092.0,0.03598632320316308,1.0,0.04206620429228195
145,213996.0,7.23409466217218e-05,0.05555784700548234,9.400650931553695e-05
146,106640.0,1.104895824978059e-55,8.485599935831493e-53,5.6196026065109226e-55
147,184585.0,6.581813712998707e-13,5.054832931583007e-10,1.1012707911945548e-12
148,118718.0,5.340371483917743e-47,4.1014052996488265e-44,2.1586343682362243e-46
149,235333.0,0.1025002092652026,1.0,0.11458538677682038
150,84628.0,1.8681114963250032e-73,1.4347096291776024e-70,1.594121810197336e-72
151,245422.0,0.5971629027046289,1.0,0.6180877483519609
152,167356.0,1.1495630698397324e-19,8.828644376369145e-17,2.2991261396794647e-19
153,92658.0,1.1111003615119103e-66,8.533250776411472e-64,7.485307698606553e-66
154,179951.0,1.4138142754530537e-14,1.0858093635479453e-11,2.4903884485044615e-14
155,209840.0,9.716939270661164e-06,0.007462609359867774,1.3023751064341664e-05
156,240160.0,0.2693865849196081,1.0,0.29016675626684296
157,99742.0,5.5509769137100874e-61,4.2631502697293475e-58,3.229659295249505e-60
158,195290.0,1.7871649608069164e-09,1.3725426898997118e-06,2.6859935223086335e-09
159,230527.0,0.03085573577988875,1.0,0.03617893905183902
160,169410.0,8.834987855079867e-19,6.785270672701338e-16,1.7221499169292735e-18
161,199487.0,2.7501214149199892e-08,2.1120932466585518e-05,3.977576735703487e-08
162,45631.0,4.1072074546015e-111,3.154335325133952e-108,1.4337887841517964e-109
163,183441.0,2.6109151248258515e-13,2.005182815866254e-10,4.4460816316324917e-13
164,129443.0,6.392234987368942e-40,4.9092364702993475e-37,2.1531738904821698e-39
165,228503.0,0.017290087543196376,1.0,0.02046038094479941
166,191897.0,1.686600665121908e-10,1.2953093108136253e-07,2.63274250165371e-10
167,248133.0,0.8167461432888841,1.0,0.8264308801658273
168,134054.0,4.631596772058445e-37,3.5570663209408862e-34,1.4228265283763545e-36
169,221195.0,0.0014705566753417379,1.0,0.0018157355734123065
170,221013.0,0.0013725882789363186,1.0,0.001697500480230423
171,86488.0,7.418594488285946e-72,5.697480567003606e-69,6.192913659786529e-71
172,219741.0,0.000839020424450675,0.6443676859781184,0.0010477523349237698
173,136529.0,1.4306846208924094e-35,1.0987657888453704e-32,4.161991624414282e-35
174,236919.0,0.144497924067959,1.0,0.15944598517843753
175,172594.0,1.889103662950893e-17,1.4508316131462856e-14,3.582300279373545e-17
176,104570.0,3.0135545471317394e-57,2.3144098921971757e-54,1.5961447532394314e-56
177,221746.0,0.001807785185981116,1.0,0.00221432061057974
178,151211.0,2.1992445478001884e-27,1.689019812710545e-24,5.448451008743693e-27
179,73445.0,1.904165977574892e-83,1.4623994707775171e-80,2.1826857772798766e-82
180,234552.0,0.08573428974841825,1.0,0.09668712852685053
181,239347.0,0.23268563985098079,1.0,0.2531197895262794
182,55435.0,6.66527435395323e-101,5.118930703836081e-98,1.5996658449487753e-99
183,78785.0,1.3545679976418244e-78,1.0403082221889212e-75,1.3168458508720522e-77
184,110865.0,1.46931220201423e-52,1.1284317711469286e-49,6.838980431193507e-52
185,174900.0,1.6107162473122868e-16,1.2370300779358363e-13,2.959402100324967e-16
186,181360.0,4.6684880393781013e-14,3.5853988142423815e-11,8.075222554599959e-14
187,165175.0,1.2483549915995723e-20,9.587366335484715e-18,2.577249014915246e-20
188,157708.0,4.0716726518587876e-24,3.127044596627549e-21,9.170218758438559e-24
189,218032.0,0.0004208340354811064,0.3232005392494897,0.000531579834291924
190,40173.0,5.164979460713795e-117,3.9667042258281946e-114,3.0513109429447653e-115
191,86777.0,1.3096184531130974e-71,1.0057869719908588e-68,1.0699861404158073e-70
192,115828.0,5.228868778491749e-49,4.015771221881664e-46,2.268797300498115e-48
193,138701.0,2.734446679875419e-34,2.100055050144322e-31,7.692509341187992e-34
194,193953.0,7.164674557868189e-10,5.502470060442769e-07,1.0895980317708454e-09
195,85523.0,1.1041177888631077e-72,8.479624618468667e-70,9.31826881150403e-72
196,113121.0,6.269374698521364e-51,4.8148797684644076e-48,2.865999862181195e-50
197,89790.0,4.619767290856694e-69,3.547981279377941e-66,3.4446420188135345e-68
198,166665.0,5.723990038809002e-20,4.396024349805313e-17,1.1477870365026928e-19
199,191355.0,1.1424243260136402e-10,8.773818823784757e-08,1.797913693398516e-10
200,230886.0,0.03403715924925001,1.0,0.03984838156009757
201,172616.0,1.9286996905956177e-17,1.4812413623774346e-14,3.648377739845897e-17
202,239522.0,0.24026954219889385,1.0,0.26100001189356503
203,93800.0,9.59429909434772e-66,7.368421704459049e-63,6.352087676257801e-65
204,194137.0,8.135176696132254e-10,6.247815702629571e-07,1.2347461862904292e-09
205,127304.0,2.7639705440599506e-41,2.122729377838042e-38,9.692828209306129e-41
206,87983.0,1.3882373287345417e-70,1.066166268468128e-67,1.0879247637429879e-69
207,216203.0,0.00019387347088691193,0.14889482564114837,0.00024774513417828345
208,99120.0,1.796521141095152e-61,1.3797282363610767e-58,1.0695567723729278e-60
209,183957.0,3.969551332586971e-13,3.0486154234267936e-10,6.700253677861086e-13
210,87803.0,9.770348784938197e-71,7.503627866832535e-68,7.735698831786118e-70
211,90416.0,1.5416696369031517e-68,1.1840022811416204e-65,1.1276212201348766e-67
212,106942.0,1.8607067499453297e-55,1.4290227839580133e-52,9.279368727000085e-55
213,234274.0,0.08033037584083744,1.0,0.09126291219787448
214,195295.0,1.7932140864282243e-09,1.3771884183768761e-06,2.6898211296423366e-09
215,161100.0,1.6951386036165285e-22,1.301866447577494e-19,3.6672294297957573e-22
216,189973.0,4.1654716512298345e-11,3.199082228144513e-08,6.650898603211045e-11
217,196589.0,4.257490758704267e-09,3.269752902684877e-06,6.336730431559839e-09
218,244735.0,0.5460527547816866,1.0,0.5705694090780072
219,233572.0,0.06790827257298737,1.0,0.07772511674523741
220,158453.0,9.344115890839159e-24,7.176281004164475e-21,2.0861281988850216e-23
221,227830.0,0.014121865158197673,1.0,0.016788842788693206
222,207723.0,3.23807299932581e-06,0.002486840063482222,4.44872998834029e-06
223,161562.0,2.787331624857186e-22,2.1406706878903191e-19,5.979527061146142e-22
224,133474.0,2.051258290198388e-37,1.5753663668723621e-34,6.403928320619358e-37
225,86774.0,1.301921602919693e-71,9.998757910423243e-69,1.0699861404158073e-70
226,204901.0,6.905118029542076e-07,0.0005303130646688314,9.677245705635611e-07
227,137487.0,5.293009073737124e-35,4.0650309686301116e-32,1.5111639288587773e-34
228,236467.0,0.13137005208137115,1.0,0.14516863309135689
229,157551.0,3.4149216329556696e-24,2.6226598141099542e-21,7.736459628642933e-24
230,82156.0,1.314039871533695e-75,1.0091826213378777e-72,1.1734681643463693e-74
231,159346.0,2.5072764582625277e-23,1.9255883199456213e-20,5.533299769958681e-23
232,243369.0,0.4513229913557374,1.0,0.47581434411683726
233,204113.0,4.411864624432772e-07,0.00033883120315643687,6.217086296448383e-07
234,217034.0,0.0002770061063907846,0.21274068970812254,0.00035221968494722277
235,132287.0,3.825679920382605e-38,2.9381221788538407e-35,1.2293398237882179e-37
236,245125.0,0.5748008501332077,1.0,0.5973573110991928
237,145088.0,1.1573156447114635e-30,8.88818415138404e-28,3.0648910866841516e-30
238,171372.0,5.914957821104515e-18,4.542687606608268e-15,1.1385181971449293e-17
239,216003.0,0.000177710274004531,0.1364814904354798,0.00022746915072579968
240,140055.0,1.6722111453733517e-33,1.2842581596467341e-30,4.65310927408237e-33
241,210551.0,1.3892683385598788e-05,0.010669580840139869,1.852357784746505e-05
242,131520.0,1.2810756707772563e-38,9.838661151569328e-36,4.168924216766664e-38
243,191059.0,9.221458095989357e-11,7.082079817719826e-08,1.4602226428288302e-10
244,247357.0,0.7514902846194228,1.0,0.7664602106078575
245,207367.0,2.678106017391141e-06,0.002056785421356396,3.6926129647332074e-06
246,192874.0,3.374457842414714e-10,2.5915836229745006e-07,5.214453969767606e-10
247,130595.0,3.3924674974677494e-39,2.6054150380552313e-36,1.1182038789936615e-38
248,129522.0,7.171013509295087e-40,5.507338375138627e-37,2.4049512555190513e-39
249,99117.0,1.786752632484092e-61,1.3722260217477826e-58,1.0695567723729278e-60
250,235880.0,0.1157244584363911,1.0,0.12824875047496156
251,195234.0,1.720758634153164e-09,1.3215426310296298e-06,2.5912600608424113e-09
252,168580.0,3.8987664421633204e-19,2.99425262758143e-16,7.697307525916273e-19
253,133783.0,3.167227028582026e-37,2.432430357950996e-34,9.847896186036422e-37
254,237360.0,0.1582531086187864,1.0,0.1741237642109283
255,121875.0,7.463105980918348e-45,5.7316653933452916e-42,2.8096398986986723e-44
256,192450.0,2.500858305925311e-10,1.9206591789506386e-07,3.87229673175532e-10
257,237860.0,0.17502283208918834,1.0,0.19120559750284016
258,166225.0,3.6608887727717795e-20,2.811562577488727e-17,7.379429337240753e-20
259,116551.0,1.6792063913971885e-48,1.2896305085930408e-45,7.204639712810284e-48
260,211717.0,2.46569304069175e-05,0.01893652255251264,3.259298201809405e-05
261,160315.0,7.239333250854184e-23,5.559807936656013e-20,1.5705672137446365e-22
262,172965.0,2.678210494043469e-17,2.056865659425384e-14,5.01674551079362e-17
263,159805.0,4.148922062719197e-23,3.1863721441683433e-20,9.052193591387338e-23
264,231119.0,0.03624871794276461,1.0,0.04224433289839639
265,229318.0,0.02194789816054085,1.0,0.025781109443021012
266,181256.0,4.277911000819113e-14,3.2854356486290786e-11,7.43311232721511e-14
267,103997.0,1.1019288073367578e-57,8.4628132403463e-55,5.959727634046689e-57
268,183514.0,2.7708707505167795e-13,2.1280287363968868e-10,4.708028177869218e-13
269,134060.0,4.670686540282218e-37,3.5870872629367434e-34,1.4291184314489015e-36
270,163609.0,2.4486471433152768e-21,1.8805610060661327e-18,5.138144825317302e-21
271,142715.0,5.503760735966132e-32,4.226888245221989e-29,1.4988965408588613e-31
272,117324.0,5.805591968385735e-48,4.458694631720244e-45,2.463367199845439e-47
273,237822.0,0.17370352642042097,1.0,0.19030571796131715
274,71595.0,3.6662211777472916e-85,2.81565786450992e-82,4.854582525017104e-84
275,204610.0,5.85720292679071e-07,0.00044983318477752646,8.238703017903416e-07
276,118289.0,2.7043298289302875e-47,2.0769253086184608e-44,1.1166265100099251e-46
277,213367.0,5.406895087121011e-05,0.041524954269089365,7.050077125482065e-05
278,215940.0,0.000172887186713258,0.13277735939578214,0.0002216650407275161
279,235762.0,0.11276376255817097,1.0,0.12532933378390057
280,75175.0,7.37639396941585e-82,5.665070568511372e-79,8.21024720074112e-81
281,184158.0,4.6692615513147e-13,3.5859928714096894e-10,7.846811534813324e-13
282,134681.0,1.1121069555345046e-36,8.540981418504996e-34,3.375881983598813e-36
283,248628.0,0.859077870900558,1.0,0.868120795857406
284,92554.0,9.123335376828563e-67,7.006721569404336e-64,6.200638556994988e-66
285,185273.0,1.139242899116963e-12,8.749385465218276e-10,1.8897160832004916e-12
286,73109.0,9.320850785238989e-84,7.158413403063543e-81,1.1545828069457327e-82
287,133904.0,3.7533644849237298e-37,2.8825839244214242e-34,1.157664226675271e-36
288,129176.0,4.331819388082002e-40,3.3268372900469777e-37,1.4655670881264217e-39
289,237574.0,0.1652752663235243,1.0,0.18133057790923807
290,129148.0,4.1584163340434656e-40,3.1936637445453815e-37,1.4131255506837973e-39
291,91819.0,2.257331639972889e-67,1.7336306994991788e-64,1.590486880274476e-66
292,205903.0,1.2079322415628914e-06,0.0009276919615203006,1.680601379565762e-06
293,77033.0,3.59905521982633e-80,2.7640744088266213e-77,3.786403299762495e-79
294,146275.0,5.178581362067966e-30,3.977150486068198e-27,1.3527722741728565e-29
295,104434.0,2.3742694712397093e-57,1.8234389539120966e-54,1.266277051327845e-56
296,153407.0,2.9584152774358037e-26,2.272062933070697e-23,7.144851990788356e-26
297,109247.0,9.588730106951048e-54,7.364144722138405e-51,4.545768346999015e-53
298,180255.0,1.833088343002468e-14,1.4078118474258955e-11,3.199572380513399e-14
299,249627.0,0.9456303143442018,1.0,0.9505812583983599
300,169308.0,7.993484195890309e-19,6.138995862443758e-16,1.5620854611816177e-18
301,217748.0,0.0003740463553101676,0.2872676008782087,0.00047325799156212303
302,113567.0,1.3072747295125427e-50,1.0039869922656328e-47,5.940751433524454e-50
303,44946.0,7.612097136232915e-112,5.846090600626879e-109,3.247828111459377e-110
304,34364.0,1.832994834572221e-123,1.4077400329514658e-120,1.5641555921682952e-121
305,179029.0,6.388706793952433e-15,4.906526817755469e-12,1.1357700967026547e-14
306,245039.0,0.5684003861806046,1.0,0.5915060929359137
307,187749.0,7.836075723189022e-12,6.0181061554091686e-09,1.2696426488204996e-11
308,198465.0,1.4404145239907262e-08,1.1062383544248777e-05,2.1178823227109065e-08
309,212677.0,3.908326957327334e-05,0.030015951032273926,5.130931800388706e-05
310,159644.0,3.478047859563955e-23,2.6711407561451175e-20,7.631830731843193e-23
311,73015.0,7.630530697106949e-84,5.8602475753781375e-81,9.606963238324815e-83
312,209514.0,8.231871291774458e-06,0.0063220771520827845,1.1069526527764861e-05
313,63969.0,2.019108430702625e-92,1.5506752747796159e-89,3.6062215692549204e-91
314,133890.0,3.6803789247384135e-37,2.8265310141991015e-34,1.139730247660928e-36
315,206264.0,1.473355495587062e-06,0.0011315370206108637,2.042485596770512e-06
316,151958.0,5.3584439025188366e-27,4.115284917134467e-24,1.3190015760046366e-26
317,175495.0,2.771697713857133e-16,2.128663844242278e-13,5.05620865615743e-16
318,181857.0,7.075261279388889e-14,5.433800662570666e-11,1.2183409557333335e-13
319,210165.0,1.1450143307268308e-05,0.00879371005998206,1.5320052369306725e-05
320,199777.0,3.296750824787731e-08,2.5319046334369778e-05,4.7592192357837925e-08
321,148951.0,1.427580890015743e-28,1.0963821235320906e-25,3.6065201431976667e-28
322,162433.0,7.069481550864914e-22,5.429361831064254e-19,1.512357056006756e-21
323,222365.0,0.0022704895430237003,1.0,0.0027766496322328056
324,240308.0,0.27647335256400574,1.0,0.297383101917586
325,226406.0,0.009053612248736034,1.0,0.010864334698483242
326,225918.0,0.007734603575660721,1.0,0.009310619978224818
327,146873.0,1.0947135440128162e-29,8.407400018018429e-27,2.849966107802857e-29
328,210813.0,1.5825637754713367e-05,0.012154089795619865,2.1027837016643367e-05
329,105955.0,3.373994918503195e-56,2.591228097410454e-53,1.739079260007016e-55
330,192075.0,1.915351554166202e-10,1.4709899935996432e-07,2.9837525225144893e-10
331,102617.0,9.613608536225411e-59,7.383251355821116e-56,5.3501821418993594e-58
332,222992.0,0.0028475987414386173,1.0,0.0034603731541532567
333,136848.0,2.2144175199221314e-35,1.700672655300197e-32,6.36956050674231e-35
334,119697.0,2.5025049430612187e-46,1.921923796271016e-43,9.856019468056492e-46
335,193143.0,4.076420942915772e-10,3.130691284159313e-07,6.236436821034487e-10
336,217063.0,0.00028043746876423134,0.21537597601092967,0.00035599334877839617
337,58585.0,9.963402222719532e-98,7.651892907048601e-95,2.068079164067189e-96
338,165700.0,2.141270925865777e-20,1.6444960710649167e-17,4.3505187065209435e-20
339,131629.0,1.497209599045526e-38,1.149856972066964e-35,4.851717181717147e-38
340,161339.0,2.193179582542204e-22,1.6843619193924128e-19,4.718100614544574e-22
341,198694.0,1.6667893314266577e-08,1.2800942065356731e-05,2.438274679115568e-08
342,164109.0,4.1320367277405655e-21,3.1734042069047543e-18,8.623380997023789e-21
343,185784.0,1.7061683379819153e-12,1.310337283570111e-09,2.7998659905344252e-12
344,78865.0,1.5972257623035707e-78,1.2266693854491422e-75,1.5333367318114278e-77
345,242251.0,0.3812528175820563,1.0,0.4049822460622673
346,162474.0,7.384444760510484e-22,5.6712535760720515e-19,1.57534821557557e-21
347,78399.0,6.109850543771813e-79,4.692365217616752e-76,6.093980802099678e-78
348,34723.0,4.6435617102299244e-123,3.566255393456582e-120,3.2420503576878017e-121
349,106705.0,1.2361762386844311e-55,9.493833513096432e-53,6.2459431007213364e-55
350,238470.0,0.19723548498669996,1.0,0.2148607836450859
351,73205.0,1.1432941647952842e-83,8.780499185627783e-81,1.3937300294647273e-82
352,135445.0,3.213180632656093e-36,2.4677227258798793e-33,9.454876344367354e-36
353,153988.0,5.828292369885783e-26,4.476128540072282e-23,1.3944325670007107e-25
354,206818.0,1.9925953383451676e-06,0.0015303132198490887,2.752361906203397e-06
355,90336.0,1.3219654489298348e-68,1.015269464778113e-65,9.762206392097242e-68
356,100012.0,9.045210945377765e-61,6.946722006050123e-58,5.223099252669266e-60
357,127673.0,4.770330751948514e-41,3.663614017496459e-38,1.6577438993196645e-40
358,215131.0,0.00012094024667868341,0.09288210944922887,0.00015610438562895605
359,198331.0,1.3221160019986334e-08,1.0153850895349505e-05,1.9489157188770643e-08
360,241407.0,0.3330560611723714,1.0,0.354767066546992
361,247735.0,0.7830872217976625,1.0,0.794466296354828
362,151029.0,1.7685007253175817e-27,1.3582085570439027e-24,4.4097680423503334e-27
363,187691.0,7.496159512780788e-12,5.757050505815645e-09,1.2171354134916799e-11
364,233341.0,0.06418381929848387,1.0,0.07368187327538955
365,239755.0,0.25063491870473165,1.0,0.27110932051441394
366,51784.0,1.2018534174135272e-104,9.230234245735888e-102,3.4186052761984777e-103
367,178232.0,3.189282670430761e-15,2.4493690908908245e-12,5.709485060351572e-15
368,162736.0,9.75174894620852e-22,7.4893431906881435e-19,2.0631799423383317e-21
369,221356.0,0.001562550781537824,1.0,0.001923139423431168
370,36177.0,1.9724468859056004e-121,1.5148392083755012e-118,1.2623660069795842e-119
371,184666.0,7.023013337090221e-13,5.393674242885289e-10,1.1725378788881063e-12
372,241678.0,0.34808396010514864,1.0,0.37026105451628
373,109891.0,2.852221437367145e-53,2.1905060638979673e-50,1.3438687508576485e-52
374,208027.0,3.8036284582246865e-06,0.002921186655916559,5.207106338532191e-06
375,174425.0,1.0411883177882455e-16,7.996326280613725e-14,1.9268256097864397e-16
376,101031.0,5.66634824777186e-60,4.351755454288788e-57,3.2235225587324357e-59
377,132904.0,9.177258445847086e-38,7.048134486410562e-35,2.8885797075453123e-37
378,157628.0,3.722740957568636e-24,2.8590650554127127e-21,8.40901486886092e-24
379,172002.0,1.0787055800983516e-17,8.284458855155341e-15,2.060810660486403e-17
380,172671.0,2.031308027852448e-17,1.56004456539068e-14,3.833033330198231e-17
381,179348.0,8.419072126989817e-15,6.465847393528179e-12,1.4932672964268313e-14
382,149404.0,2.4818401119076343e-28,1.9060532059450631e-25,6.24935477359037e-28
383,191567.0,1.331009649396738e-10,1.0222154107366948e-07,2.0861538994626422e-10
384,246348.0,0.6692900736362773,1.0,0.6871855301506163
385,175357.0,2.444752706510796e-16,1.8775700786002912e-13,4.481074173270385e-16
386,231554.0,0.0407061929212269,1.0,0.04715287505807279
387,46734.0,6.125956235488623e-110,4.7047343888552623e-107,1.9603059953563594e-108
388,120403.0,7.569032426823564e-46,5.813016903800497e-43,2.9507700019291866e-45
389,234829.0,0.0914072565376726,1.0,0.10263270909493064
390,181268.0,4.3212837448302363e-14,3.3187459160296213e-11,7.49152576981856e-14
391,107538.0,5.188095081440981e-55,3.984457022546674e-52,2.5541391170170985e-54
392,197979.0,1.0545560086939651e-08,8.098990146769652e-06,1.55749810514801e-08
393,66623.0,7.34016474100253e-90,5.637246521089943e-87,1.1874496927013555e-88
394,168641.0,4.141509713809796e-19,3.1806794602059233e-16,8.155588359502368e-19
395,220485.0,0.0011214099023134653,0.8612428049767413,0.0013913454038396468
396,169814.0,1.3117620258611112e-18,1.0074332358613335e-15,2.5504638882565403e-18
397,80399.0,3.708607629773675e-77,2.848210659666182e-74,3.4315791080315447e-76
398,176593.0,7.464162582373727e-16,5.732476863263023e-13,1.3488180854736524e-15
399,131968.0,2.429222244818532e-38,1.8656426840206327e-35,7.838834806809381e-38
400,189996.0,4.236780733285442e-11,3.25384760316322e-08,6.736744520006666e-11
401,40760.0,2.265070604863181e-116,1.7395742245349232e-113,1.2425530175249449e-114
402,244528.0,0.5310891794760241,1.0,0.5564481443896132
403,191506.0,1.2738324412442545e-10,9.783033148755875e-08,2.0006202758191972e-10
404,130113.0,1.6907000720394766e-39,1.298457655326318e-36,5.6210288109364415e-39
405,168109.0,2.441976785808679e-19,1.8754381715010655e-16,4.858648112697061e-19
406,153846.0,4.940021865936609e-26,3.7939367930393157e-23,1.1856052478247862e-25
407,42685.0,2.8050028095002527e-114,2.154242157696194e-111,1.3464013485601213e-112
408,244387.0,0.5210170499959956,1.0,0.546640839340061
409,69549.0,4.428912037504537e-87,3.401404444803484e-84,6.417744235478272e-86
410,152885.0,1.6032303981418542e-26,1.2312809457729441e-23,3.9088283992791876e-26
411,191144.0,9.807523484512117e-11,7.532178036105305e-08,1.5466484673727526e-10
412,154222.0,7.649855047432905e-26,5.875088676428472e-23,1.8189129029190313e-25
413,226816.0,0.010313316063271712,1.0,0.012318237537469167
414,201085.0,7.377657723716711e-08,5.666041131814434e-05,1.0551287023863006e-07
415,135962.0,6.562039590735176e-36,5.039646405684615e-33,1.9162153633781807e-35
416,106838.0,1.5551800666096092e-55,1.19437829115618e-52,7.806394059844314e-55
417,189496.0,2.925306294461519e-11,2.246635234146447e-08,4.6804900711384304e-11
418,114570.0,6.765736940568285e-50,5.196085970356442e-47,2.9691919830608243e-49
419,220250.0,0.0010239069133184504,0.7863605094285699,0.001274490290808055
420,241151.0,0.31925063996575065,1.0,0.3410076376824708
421,221277.0,0.0015167682347609797,1.0,0.0018697881288867295
422,161131.0,1.7527986385011492e-22,1.3461493543688825e-19,3.7813184111485465e-22
423,91064.0,5.340902935506056e-68,4.101813454468651e-65,3.8334705181950015e-67
424,245257.0,0.5846906116231516,1.0,0.6068140401710547
425,93945.0,1.2601042107172664e-65,9.677600338308606e-63,8.271453280605647e-65
426,127983.0,7.535674496571705e-41,5.787398013367069e-38,2.6069360420572382e-40
427,211844.0,2.622209873839354e-05,0.02013857183108624,3.460235709808632e-05
428,162724.0,9.628508802767328e-22,7.394694760525308e-19,2.0427333592611346e-21
429,174501.0,1.1166716366469874e-16,8.576038169448864e-14,2.0566038775656745e-16
430,231537.0,0.04052364778677574,1.0,0.04701232855021717
431,20485.0,1.3904701243713044e-139,1.067881055517162e-136,5.33940527758581e-137
432,128034.0,8.123497531004226e-41,6.238846103811245e-38,2.7976888357897965e-40
433,121725.0,5.917722381542367e-45,4.5448107890245384e-42,2.2499063312002663e-44
434,178449.0,3.856250328780156e-15,2.96160025250316e-12,6.871462302791555e-15
435,157327.0,2.6556336210223618e-24,2.0395266209451737e-21,6.034102428831875e-24
436,124500.0,4.1442780923060366e-43,3.1828055748910363e-40,1.5156217023290648e-42
437,194563.0,1.090029446393657e-09,8.371426148303286e-07,1.647918533130568e-09
438,195384.0,1.90428702039309e-09,1.4624924316618933e-06,2.850862439886731e-09
439,234904.0,0.09299409247442375,1.0,0.10411000440285341
440,108343.0,2.0586364153638614e-54,1.5810327669994455e-51,9.943602308172613e-54
441,224560.0,0.004922061248357989,1.0,0.0059529811633684026
442,139671.0,1.0028165341339707e-33,7.701630982148895e-31,2.80059308441778e-33
443,87529.0,5.719615749547685e-71,4.392664895652622e-68,4.575692599638148e-70
444,113794.0,1.8984741581339887e-50,1.4580281534469032e-47,8.57663619674649e-50
445,160050.0,5.423051860914579e-23,4.1649038291823964e-20,1.17985944169473e-22
446,208898.0,5.997089399797114e-06,0.004605764659044184,8.135667839987409e-06
447,68531.0,4.829788914343145e-88,3.709277886215535e-85,7.41855577243107e-87
448,159460.0,2.842035060384812e-23,2.1826829263755354e-20,6.254105806233626e-23
449,105088.0,7.457633960003752e-57,5.727462881282882e-54,3.896233252573389e-56
450,216709.0,0.00024114939989751307,0.18520273912129004,0.00030764574604865455
451,244640.0,0.5391595322329864,1.0,0.5641342244617623
452,114141.0,3.3541718122680636e-50,2.5760039518218727e-47,1.4976767161755075e-49
453,146950.0,1.2051070861942686e-29,9.255222421971983e-27,3.1267643317472916e-29
454,121587.0,4.779119235780852e-45,3.6703635730796944e-42,1.8260515288953704e-44
455,30823.0,1.7599192322499998e-127,1.351617970368e-124,2.7032359407359994e-125
456,136804.0,2.0850819371682508e-35,1.6013429277452167e-32,6.020086194530889e-35
457,143492.0,1.5031073979276821e-31,1.1543864816084598e-28,4.0647411324241545e-31
458,141022.0,6.0136304153273714e-33,4.618468158971421e-30,1.661319481644396e-32
459,91838.0,2.3405093830977053e-67,1.797511206219038e-64,1.6341010965627617e-66
460,66628.0,7.421560579383472e-90,5.699758524966507e-87,1.1874496927013555e-88
461,31926.0,3.1912190845570424e-126,2.4508562569398086e-123,3.5012232241997263e-124
462,174475.0,1.0902601106070888e-16,8.373197649462442e-14,2.0127878965053949e-16
463,114585.0,6.933503579021966e-50,5.32493074868887e-47,3.0255288344823124e-49
464,232420.0,0.05097195857298588,1.0,0.05877847475083056
465,212901.0,4.345203830764553e-05,0.03337116542027177,5.69473812632624e-05
466,134913.0,1.5359994945055117e-36,1.1796476117802331e-33,4.590068528327755e-36
467,125331.0,1.4530565651333177e-42,1.1159474420223879e-39,5.239189868649709e-42
468,148732.0,1.0917183979280973e-28,8.384397296087787e-26,2.7762904953933067e-28
469,178162.0,2.9994220139509386e-15,2.303556106714321e-12,5.382140436248414e-15
470,186482.0,2.9475477932303117e-12,2.2637167052008794e-09,4.796009968645931e-12
471,105869.0,2.9059854631592223e-56,2.2317968357062826e-53,1.5079708349366775e-55
472,78088.0,3.212782058549228e-79,2.467416620965807e-76,3.2466008170602727e-78
473,204936.0,7.042709093560844e-07,0.0005408800583854728,9.852095781156153e-07
474,107790.0,7.993703384730281e-55,6.139164199472856e-52,3.910295668454048e-54
475,220808.0,0.0012694684324677913,0.9749517561352637,0.001572502832476232
476,180030.0,1.5126857807691534e-14,1.16174267963071e-11,2.6523805471020772e-14
477,118472.0,3.616044172381013e-47,2.777121924388618e-44,1.4693766795706973e-46
478,120722.0,1.245598916980525e-45,9.566199682410432e-43,4.83141398101537e-45
479,165305.0,1.427235699926686e-20,1.0961170175436948e-17,2.915204833892806e-20
480,237830.0,0.17398065568186605,1.0,0.1903378113442637
481,75256.0,8.746240548942474e-82,6.717112741587819e-79,9.595875345125457e-81
482,215709.0,0.00015623541305319417,0.11998879722485312,0.00020065016258336642
483,210616.0,1.4350065555669425e-05,0.011020850346754119,1.9100260566298298e-05
484,186427.0,2.823851267075906e-12,2.168717773114296e-09,4.604496333575999e-12
485,185047.0,9.519498002773534e-13,7.310974466130073e-10,1.585894678119322e-12
486,142993.0,7.890982055565589e-32,6.060274218674372e-29,2.1414396532418277e-31
487,130306.0,2.235198144937547e-39,1.716632175312036e-36,7.399276617724294e-39
488,156077.0,6.456134127800603e-25,4.958311010150863e-22,1.4889822853305894e-24
489,56594.0,9.950762750068043e-100,7.642185792052258e-97,2.1834816548720736e-98
490,196633.0,4.383017383049714e-09,3.3661573501821804e-06,6.510942650255668e-09
491,218814.0,0.0005794355452891597,0.44500649878207466,0.0007283248752570781
492,214751.0,0.00010199005318353467,0.07832836084495463,0.0001320882982208341
493,173774.0,5.70094500535578e-17,4.378325764113239e-14,1.06012730365938e-16
494,234445.0,0.0836205775068399,1.0,0.0947206541670399
495,134804.0,1.3198816865393531e-36,1.0136691352622232e-33,3.9908233671741065e-36
496,205270.0,8.495698333842293e-07,0.0006524696320390881,1.1863084218892511e-06
497,199274.0,2.405757190010467e-08,1.8476215219280386e-05,3.4860783432604506e-08
498,211276.0,1.9883931214353874e-05,0.015270859172623774,2.6374540885360577e-05
499,197266.0,6.6410166639449094e-09,5.100300797909691e-06,9.846140536505194e-09
500,23305.0,3.1586950275866665e-136,2.4258777811865597e-133,6.0646944529664e-134
501,159660.0,3.5395978853473064e-23,2.7184111759467316e-20,7.744761185033422e-23
502,200425.0,4.925823965428652e-08,3.783032805449205e-05,7.071089355979821e-08
503,126919.0,1.56131306700903e-41,1.199088435462935e-38,5.50040566726117e-41
504,188604.0,1.4997628704681417e-11,1.1518178845195327e-08,2.4147125461625424e-11
505,67097.0,2.0852913008328602e-89,1.6015037190396367e-86,3.268374936815585e-88
506,102455.0,7.209251511159716e-59,5.536705160570662e-56,4.071106735713722e-58
507,60030.0,2.738110677750307e-96,2.102869000512236e-93,5.39197179618522e-95
508,79590.0,7.086215399802668e-78,5.442213427048449e-75,6.6368456427420114e-77
509,241130.0,0.3181350257503448,1.0,0.3402892754544078
510,249992.0,0.9774696846893963,1.0,0.9787440910579615
511,226672.0,0.009854140005048657,1.0,0.011788130099497458
512,165703.0,2.1478630774160354e-20,1.6495588434555154e-17,4.3523980038404094e-20
513,183581.0,2.9261279261371597e-13,2.2472662472733386e-10,4.960852642987502e-13
514,205799.0,1.140431281255796e-06,0.0008758512240044515,1.5895666497358466e-06
515,199971.0,3.719795530054883e-08,2.8568029670821503e-05,5.349818290416012e-08
516,249791.0,0.9599285289509228,1.0,0.9624348697575832
517,244834.0,0.5532824004542896,1.0,0.5773381569957804
518,108984.0,6.13485698354011e-54,4.711570163358805e-51,2.9264410952539163e-53
519,218157.0,0.0004431126079050084,0.3403104828710465,0.0005578860374935188
520,71002.0,1.0246516362124063e-85,7.86932456611128e-83,1.4052365296627286e-84
521,168935.0,5.537546230669065e-19,4.2528355051538416e-16,1.0876817148731052e-18
522,150983.0,1.6735975303089004e-27,1.2853229032772354e-24,4.186719554648976e-27
523,243374.0,0.45165189695465413,1.0,0.47581434411683726
524,103950.0,1.0144705413293807e-57,7.791133757409644e-55,5.525626778304712e-57
525,183308.0,2.342471686177619e-13,1.7990182549844113e-10,3.997818344409803e-13
526,208115.0,3.9842739152932365e-06,0.0030599223669452056,5.44470172054307e-06
527,118836.0,6.43705593971863e-47,4.943658961703907e-44,2.574822375887452e-46
528,191074.0,9.322332357717015e-11,7.159551250726668e-08,1.4731586935651578e-10
529,182380.0,1.0924191318298564e-13,8.389778932453296e-11,1.872718511708325e-13
530,214848.0,0.00010654143324372446,0.08182382073118039,0.00013775053995148214
531,88914.0,8.488330508165769e-70,6.51903783027131e-67,6.51903783027131e-69
532,185954.0,1.950204457682446e-12,1.4977570235001186e-09,3.1867170712768483e-12
533,181993.0,7.923783154582959e-14,6.085465462719712e-11,1.36140166951224e-13
534,185485.0,1.3475636935285198e-12,1.0349289166299032e-09,2.2208775034976463e-12
535,193011.0,3.715782630158383e-10,2.853721059961638e-07,5.718879879682641e-10
536,89438.0,2.341183418801355e-69,1.7980288656394406e-66,1.7627733976857258e-68
537,138435.0,1.9109930916079145e-34,1.4676426943548784e-31,5.395745199834111e-34
538,224072.0,0.004163401677879704,1.0,0.005051330945673954
539,210451.0,1.3216068491495273e-05,0.01014994060146837,1.765207061124934e-05
540,163299.0,1.7676332732444674e-21,1.357542353851751e-18,3.7192941201417835e-21
541,211455.0,2.1704243566409342e-05,0.016668859059002374,2.873941217069375e-05
542,124020.0,2.0003898228813596e-43,1.536299383972884e-40,7.35071475585112e-43
543,234784.0,0.0904656501566802,1.0,0.10172418641336808
544,83859.0,4.0280978074584515e-74,3.0935791161280906e-71,3.5558380645150466e-73
545,68785.0,8.405263730871798e-88,6.455242545309542e-85,1.2657338324136355e-86
546,171561.0,7.086816400171009e-18,5.442674995331335e-15,1.3572755599330013e-17
547,107169.0,2.7511162721634604e-55,2.1128572970215375e-52,1.3631337400138953e-54
548,194767.0,1.2530333791543908e-09,9.623296351905722e-07,1.8906279669755836e-09
549,155005.0,1.8915581232905065e-25,1.452716638687109e-22,4.415552093273887e-25
550,196010.0,2.898528195232021e-09,2.226069653938192e-06,4.330874813109323e-09
551,136671.0,1.7380373331139115e-35,1.334812671831484e-32,5.037028950307487e-35
552,86810.0,1.3973370737896219e-71,1.0731548726704296e-68,1.1296367080741364e-70
553,164393.0,5.554719343257274e-21,4.2660244556215865e-18,1.1529795826004288e-20
554,158091.0,6.24593607945818e-24,4.7968789090238824e-21,1.4025961722292052e-23
555,69543.0,4.371602829735166e-87,3.3573909732366073e-84,6.417744235478272e-86
556,202759.0,2.0092258629370064e-07,0.00015430854627356208,2.8365541594404795e-07
557,239681.0,0.24730962004495138,1.0,0.2678896871572957
558,241254.0,0.324759489797265,1.0,0.34641012245041597
559,152836.0,1.5133816763149226e-26,1.1622771274098605e-23,3.7015195140441416e-26
560,107955.0,1.060461224731388e-54,8.14434220593706e-52,5.1546469657829495e-54
561,154801.0,1.4951686004039161e-25,1.1482894851102077e-22,3.5223603837736427e-25
562,154405.0,9.45857920941822e-26,7.264188832833193e-23,2.2420335903806154e-25
563,235741.0,0.1122431726192303,1.0,0.12493153126314328
564,97553.0,1.026229310470362e-62,7.881441104412381e-60,6.305152883529904e-62
565,99223.0,2.166217113561134e-61,1.6636547432149508e-58,1.2797344178576543e-60
566,98703.0,8.410976683566583e-62,6.459630092979136e-59,5.086322907857587e-61
567,172118.0,1.2042836020527734e-17,9.248898063765299e-15,2.29501192649263e-17
568,227438.0,0.012522854892863006,1.0,0.014910934198013625
569,165712.0,2.167760163132173e-20,1.6648398052855088e-17,4.381157382330286e-20
570,158414.0,8.947948699165764e-24,6.872024600959307e-21,2.0035057145653957e-23
571,222480.0,0.002367567635113003,1.0,0.0028861776885187084
572,212910.0,4.3636904130846106e-05,0.03351314237248981,5.7092235728262026e-05
573,239885.0,0.2565519807236235,1.0,0.2771194390938718
574,63849.0,1.5435514112026352e-92,1.1854474838036238e-89,2.822494009056247e-91
575,219401.0,0.0007333231891603974,0.5631922092751852,0.0009202487079659889
576,108842.0,4.818740931368959e-54,3.7007930352913606e-51,2.3129956470571004e-53
577,179959.0,1.4235299661665016e-14,1.0932710140158732e-11,2.5017643341324332e-14
578,247661.0,0.7768715118708112,1.0,0.7892028057100304
579,179625.0,1.0688399243478939e-14,8.208690618991825e-12,1.8914033684312962e-14
580,173222.0,3.4075264220399705e-17,2.6169802921266975e-14,6.367348642644032e-17
581,187917.0,8.908174968032923e-12,6.8414783754492845e-09,1.4403112369366916e-11
582,188557.0,1.4475111594711515e-11,1.1116885704738442e-08,2.3354801900711015e-11
583,118324.0,2.8589379245137304e-47,2.195664326026545e-44,1.1741520460035e-46
584,145713.0,2.5527486340723138e-30,1.960510950967537e-27,6.714078599203893e-30
585,154420.0,9.624393772625387e-26,7.391534417376298e-23,2.27431828226963e-25
586,217687.0,0.000364652900313965,0.28005342744112516,0.0004621343687147279
587,238361.0,0.1931218258281574,1.0,0.21067835544889899
588,156915.0,1.6696270390727325e-24,1.2822735660078587e-21,3.8162903750233884e-24
589,155420.0,3.047338104055474e-25,2.340355663914604e-22,7.091986860347285e-25
590,225501.0,0.006746873071977317,1.0,0.008134377581285053
591,234511.0,0.08491931562077856,1.0,0.09590887411287932
592,76956.0,3.0660221617357214e-80,2.354705020213034e-77,3.31648594396202e-79
593,123982.0,1.8880807031205844e-43,1.4500459799966089e-40,6.971374903829851e-43
594,34502.0,2.6207121986777063e-123,2.0127069685844785e-120,2.0127069685844783e-121
595,150917.0,1.546189985236148e-27,1.1874739086613617e-24,3.880633688435823e-27
596,119329.0,1.4021883550513534e-46,1.0768806566794394e-43,5.579692521655127e-46
597,249585.0,0.9419712073088917,1.0,0.9481440199387009
598,240525.0,0.2870920737120033,1.0,0.30794233604862925
599,244997.0,0.565287011945049,1.0,0.5890643489468083
600,95090.0,1.075163228028362e-64,8.25725359125782e-62,6.824176521700677e-64
601,232756.0,0.05550061666961151,1.0,0.06390475802438027
602,215239.0,0.00012690413577928867,0.09746237627849369,0.0001635274769773384
603,207454.0,2.805678484478313e-06,0.0021547610760793445,3.861578989389506e-06
604,193101.0,3.958116670698347e-10,3.0398336030963306e-07,6.079667206192661e-10
605,95940.0,5.2271271479696516e-64,4.0144336496406925e-61,3.2374464916457193e-63
606,235383.0,0.10365673750746054,1.0,0.11570984651995596
607,102941.0,1.7079328115866683e-58,1.3116923992985613e-55,9.436635966176698e-58
608,152905.0,1.6414053109155027e-26,1.2605992787831061e-23,3.989238223997171e-26
609,72569.0,2.948581457933766e-84,2.2645105596931324e-81,3.774184266155221e-83
610,206243.0,1.4564892960907404e-06,0.0011185837793976886,2.0227554781151694e-06
611,245714.0,0.6195263476077295,1.0,0.6395110684983014
612,162932.0,1.2000362679532269e-21,9.216278537880782e-19,2.531944653263951e-21
613,72339.0,1.804087895379898e-84,1.3855395036517617e-81,2.3483720400877316e-83
614,55482.0,7.439839314374374e-101,5.713796593439519e-98,1.6805284098351527e-99
615,236142.0,0.1225165259507423,1.0,0.13558024773799723
616,128351.0,1.2947997010407506e-40,9.944061703992964e-38,4.439313260711145e-40
617,189445.0,2.8163816555603716e-11,2.1629811114703655e-08,4.515618186785732e-11
618,88544.0,4.138513417561978e-70,3.178378304687599e-67,3.21048313604808e-69
619,246380.0,0.6718431531040601,1.0,0.6888859033163126
620,209517.0,8.24449111182487e-06,0.0063317691738815005,1.1069526527764861e-05
621,198563.0,1.5333771378615055e-08,1.1776336418776362e-05,2.247392446331367e-08
622,221401.0,0.001589194936244151,1.0,0.0019496832444656678
623,19339.0,5.853192432110837e-141,4.495251787861122e-138,4.495251787861123e-138
624,165298.0,1.4169885903540348e-20,1.0882472373918986e-17,2.901992633045063e-20
625,242346.0,0.38693378087292274,1.0,0.41044909352265835
626,192995.0,3.674244622643217e-10,2.8218198701899907e-07,5.666304960220865e-10
627,31217.0,4.96307900229309e-127,3.811644673761093e-124,6.352741122935155e-125
628,228076.0,0.015214995751925356,1.0,0.01803258755783746
629,171138.0,4.72614915283484e-18,3.629682549377157e-15,9.119805400445118e-18
630,180044.0,1.5309033817051238e-14,1.1757337971495351e-11,2.6782091051242255e-14
631,244285.0,0.5137926315932392,1.0,0.5405380014569968
632,219722.0,0.0008327595125845686,0.6395593056649487,0.0010416275336562683
633,193113.0,3.991571532052649e-10,3.0655269366164346e-07,6.118816240751367e-10
634,145981.0,3.57854773824181e-30,2.74832466296971e-27,9.379947655186724e-30
635,192182.0,2.067162748118159e-10,1.587580990554746e-07,3.2137267015278264e-10
636,121427.0,3.729257919543035e-45,2.864070082209051e-42,1.4320350411045254e-44
637,159220.0,2.1825686084371205e-23,1.6762126912797085e-20,4.8305841247253843e-23
638,81659.0,4.8079214540049376e-76,3.692483676675792e-73,4.344098443147991e-75
639,148311.0,6.50844758299455e-29,4.9984877437398144e-26,1.6606271573886427e-28
640,181662.0,6.012392680273078e-14,4.617517578449724e-11,1.0376443996516234e-13
641,208209.0,4.186309902546615e-06,0.0032150860051558,5.700507101340071e-06
642,132903.0,9.1642866567737e-38,7.038172152402202e-35,2.8885797075453123e-37
643,242809.0,0.4153527242113938,1.0,0.4394477055666303
644,175858.0,3.8518257820269043e-16,2.9582022005966624e-13,6.993385817013387e-16
645,77624.0,1.2287632353712892e-79,9.4369016476515e-77,1.2582535530202e-78
646,122244.0,1.3191850747445715e-44,1.013134137403831e-41,4.942117743433322e-44
647,57177.0,3.852869773472315e-99,2.959003986026738e-96,8.219455516740939e-98
648,202258.0,1.493794826358921e-07,0.00011472344266436513,2.1205811952747713e-07
649,118225.0,2.4428245153401155e-47,1.8760892277812087e-44,1.0141022852871398e-46
650,208957.0,6.182981030974045e-06,0.004748529431788067,8.36008702779589e-06
651,224931.0,0.005580206824592266,1.0,0.006738362957998208
652,199900.0,3.559195004249402e-08,2.7334617632635404e-05,5.128446084922215e-08
653,180324.0,1.9440975991257274e-14,1.4930669561285588e-11,3.385639356300586e-14
654,45016.0,9.045307933365738e-112,6.946796492824887e-109,3.656208680434151e-110
655,117521.0,7.955193858988907e-48,6.10958888370348e-45,3.3385731604937054e-47
656,118771.0,5.807828240381103e-47,4.4604120886126867e-44,2.3352942872317735e-46
657,222404.0,0.002302995322449276,1.0,0.002811924336472248
658,113978.0,2.5677469361956524e-50,1.9720296469982612e-47,1.1532337116948896e-49
659,145668.0,2.4117896021225377e-30,1.852254414430109e-27,6.365135444777006e-30
660,143581.0,1.6856582428597335e-31,1.2945855305162753e-28,4.542405370232545e-31
661,148088.0,4.944477217665195e-29,3.7973585031668697e-26,1.26578616772229e-28
662,63711.0,1.133168144590728e-92,8.702731350456791e-90,2.122617402550437e-91
663,121404.0,3.59853714695587e-45,2.763676528862108e-42,1.388782175307592e-44
664,177712.0,2.0187440684926728e-15,1.5503954446023728e-12,3.630902680567617e-15
665,172212.0,1.3165382776080404e-17,1.011101397202975e-14,2.5027262307004332e-17
666,212264.0,3.20988073514604e-05,0.02465188404592159,4.221213021561916e-05
667,234880.0,0.09248391695126822,1.0,0.10368999739937808
668,232367.0,0.050286681431581604,1.0,0.05807544562324011
669,207894.0,3.5454291705532643e-06,0.002722889602984907,4.862302862473048e-06
670,94018.0,1.4453401017385954e-65,1.1100211981352413e-62,9.406959306230858e-65
671,233795.0,0.07167059279980778,1.0,0.08190924891406604
672,198808.0,1.792007735838758e-08,1.3762619411241661e-05,2.6115027345809606e-08
673,208191.0,4.14687735329376e-06,0.003184801807329608,5.6568415760739034e-06
674,192356.0,2.339477876035941e-10,1.7967190087956026e-07,3.629735371304248e-10
675,94495.0,3.535842626355536e-65,2.7155271370410515e-62,2.2819555773454216e-64
676,64079.0,2.5823353207972807e-92,1.9832335263723116e-89,4.507348923573436e-91
677,123489.0,8.907999299667976e-44,6.841343462145005e-41,3.3049968416159446e-43
678,155574.0,3.63535287657299e-25,2.7919510092080565e-22,8.43489730878567e-25
679,242810.0,0.4154154091684552,1.0,0.4394477055666303
680,153309.0,2.6376415572449856e-26,2.0257087159641488e-23,6.390248315344319e-26
681,249732.0,0.9547829332371798,1.0,0.9585271800341884
682,125725.0,2.626357636667489e-42,2.0170426649606316e-39,9.381593790514564e-42
683,95646.0,3.0278812878882655e-64,2.3254128290981878e-61,1.9060760894247444e-63
684,44096.0,9.3270112076662e-113,7.163144607487641e-110,4.21361447499273e-111
685,185470.0,1.3316696485074268e-12,1.022722290053704e-09,2.1994027743090405e-12
686,237401.0,0.15958068074011433,1.0,0.17533328012647756
687,165377.0,1.5369814664008126e-20,1.180401766195824e-17,3.1310391676281805e-20
688,185598.0,1.473432014538691e-12,1.1315957871657148e-09,2.423117317271338e-12
689,129862.0,1.175144065454955e-39,9.025106422694054e-37,3.923959314214806e-39
690,189995.0,4.2336556507850544e-11,3.251447539802922e-08,6.736744520006666e-11
691,204882.0,6.831514208985637e-07,0.0005246602912500969,9.591595818100492e-07
692,154812.0,1.5142675917989957e-25,1.1629575105016286e-22,3.556444986243513e-25
693,91564.0,1.3883599915626158e-67,1.066260473520089e-64,9.872782162223046e-67
694,246289.0,0.6645928584152416,1.0,0.6832761917843448
695,221397.0,0.001586809738854496,1.0,0.0019496832444656678
696,240402.0,0.28103983927543397,1.0,0.3018721630259207
697,228665.0,0.018140032244928654,1.0,0.02143314579093109
698,53276.0,4.1515102506136357e-103,3.188359872471272e-100,1.0994344387831974e-101
699,245284.0,0.5867232241862446,1.0,0.6081018032051766
700,208643.0,5.2534099006099945e-06,0.004034618803668476,7.140918236581372e-06
701,132362.0,4.2560385870934617e-38,3.2686376348877786e-35,1.3619323478699077e-37
702,163718.0,2.745198858469783e-21,2.1083127233047934e-18,5.744721316906794e-21
703,162517.0,7.729693132628267e-22,5.936404325858509e-19,1.6444333312627449e-21
704,173697.0,5.3071709140659265e-17,4.075907262002632e-14,9.892978791268523e-17
705,54047.0,2.5623006936872883e-102,1.9678469327518376e-99,6.347893331457539e-101
706,52428.0,5.5625984329103844e-104,4.2720755964751754e-101,1.5257412844554195e-102
707,158480.0,9.628512660310303e-24,7.394697723118313e-21,2.1433906443821197e-23
708,137733.0,7.393183383840613e-35,5.677964838789591e-32,2.0951899774131333e-34
709,229319.0,0.021954226010072582,1.0,0.025781109443021012
710,245758.0,0.6229276209633275,1.0,0.6412981406164016
711,137637.0,6.489826155081915e-35,4.984186487102911e-32,1.8459949952233002e-34
712,134835.0,1.3780690030625545e-36,1.0583569943520418e-33,4.150419585694282e-36
713,117427.0,6.845397691013397e-48,5.2572654266982887e-45,2.8886073773067524e-47
714,233902.0,0.07353555028104222,1.0,0.08379125017187007
715,49128.0,2.0546015444358327e-107,1.5779339861267195e-104,6.311735944506877e-106
716,234478.0,0.08426792172301553,1.0,0.09531334887080402
717,200532.0,5.261031911271943e-08,4.0404725078568524e-05,7.538194977344874e-08
718,118152.0,2.175143640868128e-47,1.6705103161867222e-44,9.078860414058274e-47
719,244341.0,0.5177525156023414,1.0,0.5439588672812561
720,239620.0,0.2445918204938453,1.0,0.26531994087467964
721,222713.0,0.0025760019707298304,1.0,0.0031352924144540566
722,235645.0,0.1098874284367057,1.0,0.1224870029599274
723,172819.0,2.334931483322427e-17,1.793227379191624e-14,4.3951651450775093e-17
724,116771.0,2.391928532835924e-48,1.8370011132179895e-45,1.0205561740099943e-47
725,236955.0,0.14558526071781225,1.0,0.16041532314387347
726,103481.0,4.438490944587183e-58,3.408761045442957e-55,2.4348293181735403e-57
727,218080.0,0.0004292623298986406,0.32967346936215597,0.0005413357460790738
728,183988.0,4.0703249216121e-13,3.126009539798093e-10,6.85528407850459e-13
729,81493.0,3.4342237275531044e-76,2.6374838227607844e-73,3.1398616937628386e-75
730,147030.0,1.3315087020084154e-29,1.022598683142463e-26,3.4430932092338825e-29
731,92943.0,1.9056438831697378e-66,1.4635345022743587e-63,1.272638697629877e-65
732,234284.0,0.08051984573591439,1.0,0.0913430450888955
733,33603.0,2.542229442545875e-124,1.952432211875232e-121,2.44054026484404e-122
734,41229.0,7.357831546999063e-116,5.650814628095281e-113,3.7672097520635204e-114
735,201221.0,8.013018084890179e-08,6.153997889195657e-05,1.1438657786609028e-07
736,145071.0,1.1326061193741752e-30,8.698414996793666e-28,3.0098321788213375e-30
737,220026.0,0.0009383283748292076,0.7206361918688314,0.001169863947839012
738,226238.0,0.008578436028243482,1.0,0.010310232972912354
739,197550.0,7.98986495736385e-09,6.1362162872554365e-06,1.1823152769278297e-08
740,125329.0,1.448690260412416e-42,1.1125941199967353e-39,5.239189868649709e-42
741,249342.0,0.9208270983168669,1.0,0.928077705390228
742,129063.0,3.673181094523539e-40,2.821003080594078e-37,1.2537791469307014e-39
743,142572.0,4.5710592116601197e-32,3.5105734745549716e-29,1.2493144037562177e-31
744,77060.0,3.807071685663143e-80,2.9238310545892938e-77,3.951123046742289e-79
745,201385.0,8.849852232125077e-08,6.79668651427206e-05,1.2609808004215325e-07
746,151211.0,2.1992445478001884e-27,1.689019812710545e-24,5.448451008743693e-27
747,190936.0,8.433570494800359e-11,6.476982140006677e-08,1.3382194504146025e-10
748,199176.0,2.2617425120772667e-08,1.737018249275341e-05,3.289807290294206e-08
749,138817.0,3.196060986817349e-34,2.454574837875724e-31,8.958302328013591e-34
750,196045.0,2.967012679966166e-09,2.2786657382140155e-06,4.424593666434981e-09
751,84161.0,7.364357141407334e-74,5.655826284600833e-71,6.354860993933519e-73
752,177117.0,1.191578068639581e-15,9.151319567151983e-13,2.1481970814910755e-15
753,175451.0,2.663030750773584e-16,2.0452076165941126e-13,4.869541944271696e-16
754,153648.0,3.9212302356000086e-26,3.0115048209408065e-23,9.44045398414046e-26
755,215591.0,0.0001483235498223926,0.11391248626359751,0.00019080818469614325
756,193153.0,4.105093397702459e-10,3.1527117294354886e-07,6.267816559513894e-10
757,212984.0,4.5185451216730194e-05,0.034702426534448785,5.901773220144352e-05
758,185363.0,1.2235071196067673e-12,9.396534678579973e-10,2.0251152324525805e-12
759,94706.0,5.247818561247466e-65,4.0303246550380535e-62,3.358603879198378e-64
760,133002.0,1.0541173587352548e-37,8.095621315086757e-35,3.304335230647656e-37
761,235775.0,0.11308698504936601,1.0,0.12550694294496112
762,194170.0,8.322302544853004e-10,6.391528354447108e-07,1.2606564801670823e-09
763,209118.0,6.71871564731113e-06,0.005159973617134947,9.052585293219207e-06
764,250210.0,0.9965064746858032,1.0,0.9965064746858032
765,170658.0,2.9767415290473834e-18,2.2861374943083904e-15,5.773074480576744e-18
766,228688.0,0.018263622509704824,1.0,0.021546024711909837
767,191693.0,1.4571673174416916e-10,1.1191044997952191e-07,2.279235233798817e-10
