Dimension,Importance_Score,Mean_Difference,Std_Difference,Median_Difference,Max_Difference,Q75_Difference
1,0.22164411485002858,0.16894974530612403,0.13716337803531117,0.1347366425,0.8093931969,0.23838894625
2,0.07771234625565741,0.11603730565588696,0.10315317697280109,0.09115154284999999,0.685017824,0.15359320862499998
3,0.15254340622277932,0.14378067566284988,0.11859003423256646,0.11549286724999999,0.663271621,0.20591511412500002
4,0.13388802980282108,0.13872192103636374,0.11135190640079433,0.10919164305000001,0.624580786,0.19850363995
5,0.19736087641938233,0.15848048367168974,0.12591664932088273,0.13477710799999998,0.805325135,0.21835420730000005
6,0.2213831070547635,0.16703537347122985,0.133415399585213,0.13311780275500001,0.959397584,0.23706944474999997
7,0.22939038761725894,0.174590967888373,0.14600727504460376,0.127775518155,0.78264539768,0.248956871475
8,0.26390950302156346,0.18463797683907995,0.14920778136630908,0.14553251850000004,0.8168214569999999,0.26723729799999996
9,0.16379190603463709,0.1467028915511514,0.10980245903793565,0.1219624353,0.8001419000000001,0.214143593675
10,0.2093533583009795,0.1670854959142438,0.12253380494138101,0.1408466175,0.5740245804999999,0.24383767650000002
11,0.044556834990147634,0.104745055620812,0.08844185460454247,0.08304650495999999,0.517913252,0.1529759747
12,0.21181847557687605,0.166999349198061,0.12023962299735004,0.14960300700000004,0.576598495,0.2340129649325
13,0.06466974465707312,0.11278597211071502,0.09338280873629412,0.091813452905,0.5082004220999999,0.15933482092499998
14,0.1324372719829499,0.13971652032096055,0.11755747440368569,0.10940429550000003,0.5436199046,0.189545126575
15,0.10726012734766224,0.12812436695816293,0.10403298727015267,0.10539837149999998,0.558610629,0.18130246149999996
16,0.18594842499400993,0.1591874702429329,0.11281720908771933,0.13851005755,0.5063010453,0.22889529387500002
17,0.2182692022482216,0.16945363150210363,0.1482295802798601,0.1289140489,0.733027339,0.23103179025
18,0.08423298821332789,0.11912319216354,0.0971330380913554,0.0976633132,0.593874633,0.1675758143
19,0.09764465451672999,0.12538347423441887,0.09961631898098296,0.0991482365,0.541166558,0.185726551465
20,0.15915338267108342,0.14334734431606996,0.12291140483640728,0.11224178955000003,0.8971481020000001,0.20138423157500002
21,0.11162086095796937,0.1303499480625275,0.11027112048205578,0.10349824660000001,0.567539498,0.180564571
22,0.13445629246209304,0.13886998713961998,0.10502030549191926,0.1151869586,0.518545166,0.20727833790250003
23,0.2169614267888077,0.17006566280232766,0.11794893225315352,0.14946943700000004,0.6122094690000001,0.24021446325
24,0.20318974992066988,0.16226683713905904,0.13213327477824954,0.1268733722,0.8694709168999999,0.22562767525
25,0.11629363611874509,0.13246984838715406,0.10857567806633267,0.10230814649999999,0.705641135,0.17874516575
26,0.14548276301158694,0.14008256575326303,0.11361010407077797,0.11616110825,0.7091014840000001,0.19821628347499998
27,0.2419126635956399,0.18080073306685748,0.12836664632517072,0.1551282405,0.659246981,0.244899769385
28,0.14310169448356447,0.1383199243242219,0.11591044802567597,0.10990909469999999,0.712148666,0.20693843073
29,0.11941749614834354,0.13225877867283703,0.09449648006929452,0.117249013,0.643039584,0.1829150292725
30,0.05222575186257929,0.10932760364134196,0.08849108772582057,0.08833680300000002,0.4531344137,0.15611821025
31,0.12556393601740995,0.13688918545108678,0.10433333471489065,0.11146362115,0.5425002281,0.19521926949750001
32,0.12945297636387276,0.13478911275480898,0.11636817858225793,0.10596860949999999,0.690141454,0.18935833740000002
33,0.049844066217366007,0.10731450087032784,0.08682714261294244,0.08607736200000002,0.504553079,0.157621340675
34,0.2621570895922751,0.18671388135068995,0.13002149859209197,0.16278522450000005,0.689362407,0.2613033057
35,0.17200835709227114,0.1482951030277741,0.12093258510210902,0.12516455462999998,0.7224093317000001,0.215113342
36,0.17772411853221143,0.15395608216445408,0.12316120510798546,0.1235091425,0.552925765,0.23350213912
37,0.032105940610410014,0.10219532306889904,0.08425270869277594,0.08320630340000001,0.44354729309999996,0.1396164259
38,0.09028209186083573,0.11988545243301722,0.09135644045164758,0.10481409215,0.711039931,0.162796754
39,0.1270254093810896,0.1365652662639201,0.09889085947780023,0.11465653799999997,0.589378312,0.19674173725
40,0.09384710085839205,0.12106383385733908,0.10512654918942017,0.0930380898,0.7382232399,0.1714866725
41,0.1933592009620488,0.15954172300427813,0.11070399746522559,0.14365771400000002,0.5928023233,0.23093842725000002
42,0.09972474966743636,0.12379317057721809,0.10163854840601363,0.10125842400000001,0.631609097,0.1781397535
43,0.28682891174227887,0.19571124071833165,0.11153152783540739,0.1958817875,0.5723943149999999,0.27077154545000004
44,0.21431647594286554,0.16645050481967827,0.11366240035157489,0.1520713271,0.672683566,0.23741785025
45,0.20274947874767657,0.16037209151110826,0.11835051841285073,0.14434683135,0.739460767,0.22521226135
46,0.15732607672613955,0.14233891630779003,0.11534105155272338,0.11855342249999999,0.8397672299999999,0.20283161360000002
47,0.1770018414063437,0.153183521685819,0.12006971032835109,0.126428068,0.7112421168999999,0.21518331799999998
48,0.14109130079362403,0.14158970139687893,0.10391148133394823,0.12371981369999999,0.481722549,0.20406808434749998
49,0.15912233555239372,0.14929214603074298,0.11077804918753772,0.1265191175,0.5560487809,0.20745128937500001
50,0.14515184008750906,0.13953967200449968,0.10650422650690063,0.11886569420000001,0.682657168,0.206950178475
51,0.1359943594403666,0.13221857358483202,0.12835210806345387,0.0985599123,1.023812651,0.17712970307499998
52,0.14533419961489413,0.13565526783738102,0.10109719853502393,0.11853696450000005,0.962361873,0.19834776775000001
53,0.14077689981411046,0.14129187450997455,0.10933912659027138,0.11822605820000001,0.645743087,0.1906131769
54,0.062002607652922946,0.11389153909606298,0.09279664527343848,0.08808109760000002,0.46558680370000005,0.1630034979
55,0.0842856864879952,0.11845028996081387,0.09179495799348449,0.0968339146,0.623241991,0.177197955275
56,0.17369703896976346,0.15154049273785986,0.11262968271984633,0.13571909,0.575485944,0.21535796675000002
57,0.1531596893457801,0.14526265128546736,0.11342352987785326,0.12230814021499997,0.566505373,0.20632596274999998
58,0.22162550696516564,0.16968319596937254,0.1305587819472331,0.1442385858,0.630216018,0.24388318779999998
59,0.2075406931740078,0.164386330030062,0.13202956906082927,0.13524898695,0.713824331,0.228951355
60,0.17355291588943808,0.15404995358976206,0.11647103996994543,0.13021308595,0.5771533099999999,0.21438031694999998
61,0.15870670364503991,0.14105451478949285,0.11658045920070315,0.11794419549999999,0.9324459543,0.1998463864
62,0.06537340017521516,0.11376017773865792,0.09406471246419355,0.0902454966,0.48319825009999995,0.163783694025
63,0.0996634958383945,0.12870530137647596,0.09756750561937365,0.10445769163999999,0.4760730247,0.18001416725000002
64,0.2180354360171212,0.16657177125534497,0.13752979429900547,0.1345363255,0.814306975,0.2342354135
65,0.08023783271692923,0.11868591827331393,0.09637062512112593,0.09468187019999999,0.506777763,0.17503326325000004
66,0.12098184947573576,0.13226804601845796,0.09616582402624764,0.11159288150000002,0.72104019,0.18949168725000004
67,0.11117051265715173,0.12596983036140144,0.11002972736515358,0.09883700307499999,0.8158761560000001,0.1765012087
68,0.3868075201618115,0.23355970060362002,0.1456481676532261,0.21175370005,0.758535505,0.332506658925
69,0.10934946764520939,0.12679253954143402,0.11130088697963378,0.09828330559999998,0.6945393424999999,0.1811457795
70,0.1018447542865195,0.12402942049578378,0.1010472466603454,0.1019082218,0.701711387,0.17546482687499998
71,0.08398209579254053,0.12015484136859005,0.09000338719738882,0.1042001095,0.566209495,0.163396869
72,0.15537216467056356,0.14307523800038804,0.1176737396896564,0.11679096909999999,0.8417628109999999,0.195408153425
73,0.16976790515946888,0.151192819273435,0.11544735783108705,0.12630662064999998,0.6939057710000001,0.2101987509
74,0.13308226786433816,0.13600807287117633,0.10345254087058699,0.11759060533,0.64492415099,0.19498701009750002
75,0.1713687110515147,0.15030420371759518,0.13574850827699422,0.114339441,0.77501800102,0.203140088
76,0.23629268292119632,0.17170337976196354,0.15565374729320497,0.12584844978999998,0.9842484,0.243590629575
77,0.2165773180968214,0.1681379412187825,0.1305100261372247,0.1408858225,0.617463409,0.24331399799999998
78,0.02184376946826136,0.09667576625254168,0.08511594425858351,0.068460963,0.6209027770000001,0.14052404225
79,0.08821407584168849,0.11900520896678693,0.09203523338430367,0.10280478065000001,0.716139391,0.162494175
80,0.10866717013227767,0.1295300161722291,0.10208985463556303,0.10540838955000002,0.5585222994,0.18452413568999998
81,0.15307570013596297,0.145709057912776,0.11982934114386014,0.11536879120499999,0.6493094708999999,0.20179308175
82,0.11737055224447615,0.1317104845812003,0.11338650565407667,0.10110691899999999,0.6878547100000001,0.18062633225000002
83,0.12569937366697037,0.13521167376708784,0.10259184020292053,0.1149787353,0.604069993,0.18839583615
84,0.132431139196514,0.13055935930248003,0.12525669224468747,0.1013659535,0.958548487,0.17719053499999998
85,0.04449315924284661,0.10386823589100992,0.08227240648291187,0.0887603162,0.501178458,0.153788979075
86,0.08487593295551199,0.11854897161631803,0.08814228082723374,0.1027163865,0.591480724,0.17419306480000002
87,0.0649702060662771,0.11245695687936691,0.10590333084363612,0.08303584199999997,0.6288132447,0.1482715235
88,0.10929346646348588,0.13077529531234205,0.10754639272853554,0.10432232895,0.501957951,0.18236285547499997
89,0.14114551576163176,0.1405668417276072,0.11086712657989657,0.116250226865,0.6566793549,0.19459617904999998
90,0.1417467446014787,0.1374485228338065,0.09861368813547917,0.12279449365,0.7473773370000001,0.20019321895
91,0.14161905455276988,0.1374682523932743,0.13067087004428776,0.10374768031500001,0.8516839894,0.18055292
92,0.1191724289002869,0.13450448650245908,0.10368247023331446,0.111174594145,0.555572559,0.18433111274999997
93,0.1265934388035903,0.13511718793895353,0.09981715251730426,0.121398718355,0.5292243059999999,0.188621305875
94,0.13446236372808357,0.13827291019900126,0.10677911394318905,0.11559049050000002,0.621793687,0.1942189055
95,0.13865337840992342,0.13966004176277838,0.10071892928759985,0.12248976315,0.5800569875,0.20034217615
96,0.1832963611253788,0.15513122059233492,0.1242695714723301,0.12478293299999998,0.705807402,0.22488572942499999
97,0.05123454340714869,0.10793004665025867,0.09111618944538119,0.08334884795000003,0.5489581599,0.154437072625
98,0.33280106232921053,0.20860172848997857,0.14292357331517663,0.18680099784999998,0.681494503,0.32159174245
99,0.12375029093590952,0.13191339913208686,0.1037621468689623,0.112417832,0.6269150381,0.19372168172499998
100,0.09759201104779797,0.12621583692710395,0.09464775146930464,0.10762760050000002,0.49509462699999995,0.17650582355
101,0.0850762278156636,0.12162703525093488,0.10151473303261045,0.093553316,0.463727429,0.17913148385
102,0.28969997850442314,0.19430006191738597,0.15353308002731894,0.15641631455,0.799420447,0.28184819625
103,0.2632555698955203,0.18167311177439102,0.13367964536273252,0.15616110735,0.9092078657,0.264572204575
104,0.057436638262556,0.10865572153188802,0.09465709458475029,0.082788014015,0.6370911,0.155940140595
105,0.04299382841091556,0.10516492485357495,0.08317827875348888,0.08433275679999999,0.53239055,0.15157126625000006
106,0.10891406369752597,0.12914308039942318,0.09925739182518606,0.1074266464,0.591644481,0.18273257803749998
107,0.1342182859589339,0.1401562646233649,0.1080532263254441,0.11310881185,0.515472815,0.20324658140000001
108,0.2236683653323278,0.1667151759020579,0.12248369562046905,0.15082217,0.750339002,0.243025057
109,0.212732691751845,0.16626955951878788,0.11997323547782678,0.1411878165,0.7220464768,0.24332661844999998
110,0.37536595016335583,0.21611337751032247,0.19201072637664274,0.17829897915,1.1321198212,0.31129736075
111,0.1199884074848329,0.13132148313315897,0.11102846917633301,0.10836470979,0.7388099429999999,0.170565397575
112,0.2476091910271636,0.17884627287857593,0.11726372627127658,0.17075219625,0.559763059,0.258480765625
113,0.10751784314774135,0.1282685855242061,0.10397109231156572,0.101187965,0.65292114,0.18160577935
114,0.06444957638429971,0.1143611612326799,0.07950140459173459,0.1025299425,0.4368849469,0.15968325725000004
115,0.08917069659142995,0.12139988519755991,0.09818824604952466,0.09516646649999999,0.6234726533,0.17604091349999998
116,0.14858772869254608,0.14318401660199007,0.10793896796738736,0.11919131649999999,0.556590944,0.2166479685
117,0.1654033847847453,0.1483618011145846,0.11779844481691684,0.12286479,0.717095077,0.20756588505
118,0.1000576371682857,0.12529827757052425,0.10389821925875091,0.10063420145000002,0.6694495819999999,0.16865618905000002
119,0.14634350148034808,0.142044268291651,0.10856455550459149,0.11898246845499999,0.65907383,0.202178765825
120,0.10439559636499807,0.12390935728068084,0.10573118478239042,0.104211487525,0.6923418339999999,0.170830922675
121,0.1299209100492676,0.13565441811728005,0.11038919181121626,0.11057353050000004,0.664295495,0.19007470590000003
122,0.1389060013147322,0.13568883797457815,0.10159928829715506,0.11697025205,0.7932490999999999,0.20097931894999999
123,0.11664611790713973,0.130607093196362,0.09429044081235753,0.113369670435,0.6503632315,0.18836878070000002
124,0.1668264347092296,0.14724716167550006,0.12683672329718165,0.11839845799999998,0.733951424,0.20841594675000003
125,0.028526219322902238,0.09892349778322992,0.08444154078964075,0.07675068015,0.600594625,0.13686293500000002
126,0.17718978160730334,0.15298431978778843,0.12318858268966644,0.12347321230000002,0.731564551,0.215887668325
127,0.1120298735000875,0.1312840241258549,0.10557451055128521,0.10240581609999999,0.604230553,0.1855235746
128,0.14784507251646392,0.1436964557079424,0.11157254901778846,0.1154504813,0.6121932420999999,0.210051496
129,0.10840472154731089,0.12754460619872307,0.10091364340277346,0.10598828630999999,0.5953859950999999,0.18597293909999996
130,0.26459682826014236,0.18345275489078172,0.1481462253413405,0.14674872535,0.84007335,0.26888706269999996
131,0.10141377847963108,0.12489503874393801,0.10598404746257421,0.10038619504999999,0.630808026,0.17478645625
132,0.11957858688059278,0.13363131938603423,0.09215372613571675,0.12016914750000002,0.533885613,0.18811806999999997
133,0.10299082237289364,0.12796395358286194,0.09883912243095237,0.10865370934999997,0.535710987,0.17317587485000002
134,0.13266277326207793,0.12975148672687467,0.11082710794376943,0.10787647045000001,1.017600313,0.18235973767500002
135,0.19099655059796128,0.1580771655333849,0.11114167322403469,0.1396702577,0.57773751,0.23857259912499998
136,0.18170856291829762,0.15375793917533415,0.12127998848474415,0.12638602799999998,0.6508194209,0.231223371175
137,0.13994956256941005,0.13815305802578007,0.10049072164521926,0.12200090669999998,0.754514873,0.19123946700000005
138,0.19874220794393394,0.158864793892189,0.11571697634630596,0.14454223195000002,0.6990644930000001,0.226325731275
139,0.19779051432076272,0.16073604163839988,0.12026443128902303,0.1343485995,0.627088509,0.24241414649999998
140,0.06821423475128904,0.11330388031084002,0.09700208467483831,0.08926644935,0.603584259,0.157734539975
141,0.19310227002386826,0.15986060641397284,0.11492014536855662,0.13767511275,0.726817996,0.22223724447499998
142,0.1524753273240661,0.14440580728662716,0.11213375352731059,0.11589073559999999,0.647568539,0.21533740325
143,0.273860422532816,0.18579997490621394,0.1635677739877303,0.1359508673,1.0360191989,0.267452763325
144,0.16977110976095136,0.1460005598796123,0.1168852310373579,0.12149732611,0.9505590210000001,0.20635615224999998
145,0.13397983926239732,0.1353842221501949,0.11550706533847604,0.1075784975,0.770585775,0.189522977475
146,0.11816716279057621,0.13383560011379197,0.11190431354868827,0.10440311805,0.648875516,0.1758251061775
147,0.19137235519905116,0.15704541169961916,0.11127194775147028,0.143393753445,0.621834204,0.22891416825
148,0.17546655128549368,0.14621477539289898,0.13363201296016827,0.10965049600000001,1.123143285,0.20359285175
149,0.08254755297904574,0.11830908567937339,0.10286523054702162,0.09409192195,0.676482827,0.155320564375
150,0.10908396757972867,0.12825875430033418,0.09952122024982392,0.10378620379999999,0.6350510119999999,0.1891404990625
151,0.10436994142125974,0.12586020718738097,0.09964399146026358,0.10459093000000003,0.5956760050000001,0.1846836132
152,0.18841072018352276,0.15849262098479927,0.11827819633953573,0.13386418653999999,0.659463404,0.22340432435000002
153,0.17164067188366589,0.15315086559524993,0.11184486478696289,0.1297734678,0.512466816,0.22698401824999997
154,0.14088293984382447,0.14121688215559686,0.09480388335401096,0.1290746554,0.536013842,0.201256947675
155,0.1908663896569916,0.15946579027395213,0.12934253387704586,0.12819248400000002,0.742374808,0.213877233125
156,0.08822705665772243,0.12302861811627361,0.09226245768627635,0.10308378361000001,0.47141327,0.17619830629
157,0.14095370919722933,0.1400871078579147,0.10542324449658856,0.11833747854999997,0.6727025360000001,0.19777225025000003
158,0.04296538934200019,0.10657033705050585,0.08565283888762822,0.08704865,0.4829410468,0.14241183549999997
159,0.11799468489843071,0.13077520433549508,0.10192705574987346,0.10874767309999998,0.611128166,0.194048797825
160,0.12733813000933128,0.13766911214377672,0.09817558170181061,0.11641511315,0.454904199,0.20582009662500003
161,0.28951253883051326,0.195468219488275,0.14949400177216615,0.1658667489,0.69097287582,0.27410809597499997
162,0.16431034965642,0.14810917829368903,0.10742266526372356,0.1333618015,0.5826476660000001,0.2119434323
163,0.23504782232411078,0.17565460444981576,0.1175496564935837,0.15636440299999999,0.6683816433,0.253894788275
164,0.13270359979152008,0.13886679426827406,0.10922846115462291,0.11224045599999999,0.5642186027,0.1975355424425
165,0.06690029439515506,0.11508323916430097,0.0963818424426512,0.08749692150000005,0.47566238,0.16779245104999999
166,0.1488053774377608,0.1415316638153369,0.11386802753502244,0.11756417150000004,0.6450143229,0.20654903324999996
167,0.11392891277619013,0.1306206270401499,0.10625920804225547,0.104726471,0.617340781,0.18473425175
168,0.19064400922045596,0.15860643056750015,0.11374113761496316,0.1363501405,0.7073730997000001,0.225925046925
169,0.31183575229606114,0.20155045024927423,0.15962716333422755,0.1624117336,1.041345835,0.2740678107
170,0.06494053108936945,0.11243971724215418,0.09872392401297911,0.08795797085000001,0.6373935606,0.1476396375
171,0.0653965680608103,0.11341713411837712,0.08487244114832564,0.09795217604999996,0.490394727,0.16115332435
172,0.2233324392763839,0.1698338348796858,0.1349411603595603,0.13690000395000002,0.646260545,0.256472984725
173,0.4569169063410432,0.25568774556305995,0.18404051394032162,0.21545858699999998,0.9316481397,0.37706577799999996
174,0.15273017788423135,0.14377958468115706,0.11547750195936819,0.11597007344999999,0.6898108497000001,0.207641952
175,0.08804805597979506,0.11956425071502831,0.0973924529300532,0.097755421,0.633162588,0.17222346695000001
176,0.07039868083262531,0.11551470368193141,0.08609662673448584,0.09860156185999999,0.4462890034,0.17044591900000003
177,0.09800319428410702,0.12443785097940024,0.09377464918432837,0.1065316835,0.5600488414,0.17971318635
178,0.14852827876520078,0.14270178834899397,0.10591514163436803,0.12563425543,0.622191414,0.19917581840575
179,0.060642127599763646,0.10998548668903373,0.08827170351325422,0.09190132,0.62818271095,0.151370344775
180,0.22460372124326738,0.1695813315083532,0.12929394234019495,0.14110407249999996,0.8396633644,0.23978152947499998
181,0.7746736548869803,0.373774921352,0.3033407315513211,0.2793905750000001,1.31667137,0.551808025
182,0.20681894356195413,0.16095149388282,0.1261687405923314,0.13462920371999998,0.8412541929999999,0.234073373595
183,0.13991191294258995,0.1413792302468379,0.10267368860226038,0.12000194724999999,0.603029609,0.19927339975000002
184,0.050719166432000834,0.10700968362827183,0.08207449105408489,0.09076512595,0.5272023638,0.15538511985
185,0.13673761854051883,0.13825800734960292,0.11455768199846447,0.1092114005,0.694321573,0.19507024244999996
186,0.059838785178473755,0.11202558641345038,0.08938627242912783,0.089588018,0.5371822713000001,0.156655078975
187,0.09727628444112513,0.12473118693283694,0.10387650447159315,0.09899654390000001,0.6305987829999999,0.17041632565
188,0.10997983251412399,0.12748879242425207,0.10851362050423807,0.10129450200000001,0.642548561,0.18401665470000003
189,0.08155281319648021,0.11911517149064108,0.09174282329320416,0.09792449707499999,0.5319297983,0.17490027439999997
190,0.1027951658925522,0.12765754160579001,0.10282808850488648,0.10089021899999999,0.480811864,0.19084101530000003
191,0.14943004420449682,0.14266168384868538,0.11086165286836074,0.12147844599999999,0.598755717,0.20585066769999996
192,0.14913092454098678,0.14165368202262807,0.123962228378999,0.10590220034999999,0.7349007430000001,0.2082744468
193,0.49081779588833124,0.27295950239720373,0.15541685510267159,0.2624267635,0.8488885258,0.37007802665
194,0.14754942157764422,0.14268565124482888,0.11708319005155092,0.109593202115,0.704616607,0.206888205975
195,0.3808576705790813,0.2285413007318737,0.17019877918670068,0.1927202012,0.8439477230000001,0.32484550970000003
196,0.14896454118679875,0.14203708041837018,0.11954336927576946,0.11313608250000001,0.730699479,0.19756467849999998
197,0.08166755678379979,0.11826522555831202,0.09267088159383399,0.09857893779999999,0.597904921,0.16755653377500002
198,0.24748729824139112,0.1803243934029304,0.14613911359525594,0.1386408995,0.783356547,0.25797422415
199,0.10639234401586264,0.1268343844933199,0.1023051117962522,0.10404088369999999,0.6371018742000001,0.18017567725
200,0.15027098082155477,0.14402619716414408,0.11530847734689975,0.11635116704999998,0.635402248,0.20522062925
201,0.0816820156021721,0.12130083054688992,0.09903168696096888,0.09166946259000001,0.54040564479,0.17094483049999998
202,0.1633363671856349,0.14832262034527613,0.11163560596151663,0.1302652362,0.6283720813660001,0.20411334575
203,0.09995754127483075,0.12519323475065522,0.1063657855719644,0.09797528400000001,0.5941308439999999,0.17876691185500002
204,0.07844287264475455,0.11928036573139209,0.08764467342357189,0.10447767690000001,0.4900022,0.16161634612500003
205,0.11312934055863032,0.12981761523553695,0.09780946944639288,0.11384189704999997,0.533175945,0.18620816775000001
206,0.30268822985497773,0.19827425980048968,0.14880976135650012,0.16436176405000003,1.0316808151,0.27183254027500003
207,0.08773733331088121,0.12002324396406494,0.09590506250530632,0.1029644757,0.571388513,0.16688538774999997
208,0.09160907403991038,0.1220539126934091,0.0908783027853148,0.11048707380000003,0.4829108265,0.1721142889
209,0.25959437263110263,0.1826109344241848,0.13514294208986327,0.15876068189999998,0.6969261174,0.265676014
210,0.20125359546804983,0.1594176524259951,0.12151574731006169,0.1407779007,0.694855943,0.2315117086
211,0.10489181418739368,0.12265855789911095,0.097879827810892,0.10347273150000003,0.827021971,0.17609821324999997
212,0.08942730743394049,0.12293323027916497,0.09168135966079424,0.10507263250000001,0.5279278156,0.17016210400000004
213,0.09369980445394445,0.12437707701991002,0.09874070286911593,0.09843209615000001,0.532234773,0.18154743875
214,0.12173983084614431,0.13148252920996137,0.11106459632887186,0.10137353115,0.7578747197,0.189265759975
215,0.060015664301387946,0.11009926222018807,0.08675994284720696,0.09043382850000001,0.586514562,0.15961474169999998
216,0.16597957841344396,0.1487282072585996,0.12931519122798038,0.11176674049999999,0.703733474,0.2165540939
217,0.10492461897632782,0.1255658930047062,0.10152244080330755,0.1011926569,0.688957423,0.182051637725
218,0.10490594529950986,0.1273699135284543,0.10601682280527021,0.099842879365,0.727777332,0.168676573725
219,0.0777164448652673,0.12022071585849625,0.09971079631481629,0.0916219171,0.47192957999999996,0.16907743177499998
220,0.07667717730533669,0.11744265380727802,0.10725406182389009,0.08757652350000002,0.6081484924,0.156532226125
221,0.18804168481921313,0.15536433408877962,0.11381735675793557,0.1412646175,0.623040915,0.2249224146
222,0.09591859847738357,0.12718037768270937,0.0935438244066448,0.1017879387,0.49383230499999997,0.184748746425
223,0.11939297708605638,0.1312875560018175,0.10672183689156904,0.11274322799999997,0.571492911,0.18350620550000002
224,0.08873700036521708,0.12077833576802009,0.10314753628806123,0.09288740149999997,0.628493935,0.17318831375000004
225,0.10281645246198415,0.12797474082414684,0.10330631340432532,0.09949652735000002,0.569061205,0.183179692
226,0.16092298970229246,0.150731201328007,0.11776067720842824,0.11885687490000002,0.6028948279999999,0.209969947125
227,0.13986750447244514,0.1398823282187425,0.10180889947469424,0.12434227565,0.6554929916,0.18904069575
228,0.17935471878146378,0.15098858791575606,0.1259953667139165,0.12441213505,0.7758156359999999,0.21597851810000002
229,0.08879128797064029,0.12088667058931074,0.09679736234976606,0.0995157689,0.554661795,0.17579178475
230,0.15035345078391799,0.1414578419586889,0.1155626151993588,0.114785182485,0.757092267,0.20295431086750002
231,0.10148281904449326,0.127781199903345,0.09405329582689452,0.10707472255,0.464348034,0.18855457115000002
232,0.14592253810066394,0.1423237014290488,0.10462773612873748,0.12294491749999999,0.5633925651,0.2075449825
233,0.24838367821839316,0.1818840579747298,0.1305807075744484,0.15461514950000002,0.5872759369,0.265127754875
234,0.17334854406036587,0.1530890915961874,0.11909213944820204,0.12429939985,0.659578859,0.217270706525
235,0.12440896683271245,0.13567075068938544,0.10539080020980016,0.11193272500000004,0.5632009499999999,0.1903459674
236,0.14168772826473366,0.14167471309106464,0.11109692777953278,0.1167533695,0.617668957,0.19560941272500001
237,0.13873609987943472,0.14032162985009997,0.11141331253789422,0.116209142,0.62922794,0.190640037825
238,0.03421006672894144,0.10176401213851094,0.07764174522597661,0.0829268881,0.5448017495999999,0.14752258799999998
239,0.17096977109331293,0.1507897235214816,0.12491899665481973,0.12099120750000002,0.645772249,0.2165905810975
240,0.08632536035936063,0.12085118939033093,0.10053941892232178,0.09229139649999998,0.585658071,0.17645077679999996
241,0.0613274786991711,0.11246683995829397,0.08413898133581371,0.09605616350000001,0.4542824137,0.16186149315000004
242,0.055716640104569365,0.10890777116229637,0.09563036824731627,0.08257578974999999,0.5773656743,0.15563682645
243,0.12692727444739102,0.13278245787812018,0.12083070014164464,0.09956615445,0.832043439,0.1804970201825
244,0.283900186068982,0.19259265218108618,0.12794186166936813,0.17964835855,0.7611291259999999,0.26223410725
245,0.1764902044711682,0.15312281481129716,0.11730296523505476,0.12843559069,0.674807579,0.21762725997500001
246,0.08538715830655834,0.12190288002022265,0.08852079908395047,0.10681890761900001,0.4439289194,0.17171004075000001
247,0.10668448907059802,0.12818396406577814,0.10515314667166675,0.10317901892,0.576638103,0.180968833775
248,0.1281977228939318,0.13503270655999622,0.10253822208119591,0.11278062685000001,0.6908143160000001,0.19193649624999998
249,0.19748028583020216,0.15787648157283862,0.13381050894968563,0.12292721236500001,0.9113014930000001,0.22387056049999998
250,0.37608474997781577,0.22548289407407224,0.1469863060006956,0.21514982,0.76555212307,0.31403121025
251,0.10697762585081931,0.12913290629521282,0.1008814537544869,0.10824597250000001,0.504859566,0.18192664149999999
252,0.10186946845930507,0.12596813492114983,0.09477955931540662,0.10580420550000003,0.511020169,0.19149792924999998
253,0.3062087538485976,0.2041360021961632,0.1224376492918375,0.18624471850000002,0.7408346388,0.288393204825
254,0.07838193542391118,0.11809690096598006,0.10632444585856325,0.08587144170000005,0.57576069838,0.1684108005
255,0.15359465541482675,0.14519869106535008,0.12102672952528579,0.10928980698,0.8087769752,0.200054839225
256,0.11835032639114355,0.12952927612128512,0.11080945073150722,0.10538366499999999,0.76500171,0.17550572555
257,0.08517212612976965,0.12106209779417691,0.09796121969193936,0.09816716599999997,0.547697842,0.16716960265
258,0.29671270353480117,0.19156769630581574,0.14596557518637912,0.1733681855,0.97452034,0.2633711585
259,0.09735774097266475,0.12516180820552886,0.09857056281697292,0.1011245144,0.544380874,0.182303521125
260,0.08519614923379372,0.12063766529172604,0.0949243226026958,0.09972271299999999,0.512990147,0.17343300224999997
261,0.18569164532367108,0.1540707442960209,0.11906008572285061,0.1296971237,0.8180385602,0.21975537012000002
262,0.2111220908478667,0.16828921265219152,0.1266542489950162,0.138083212,0.6480354213,0.23731761424999998
263,0.19628718968561112,0.15968434016435396,0.11086169679534247,0.14638612895000003,0.676186444,0.22329239362499997
264,0.1684032755202332,0.14958254775377006,0.10746970901161018,0.13137115184999998,0.579658151,0.22418515375000003
265,0.16630937033225918,0.14386874687174997,0.1474706888844027,0.1042770295,0.911607664,0.19662618999999998
266,0.14356242348625492,0.14130246819743017,0.1186815112292848,0.11412107999999999,0.554031223,0.202267630975
267,0.1823576999035707,0.1550895607359436,0.12555778103030937,0.1218060892,0.780275407,0.21935559824999998
268,0.13489570109486154,0.13862989385190708,0.1071573501321256,0.11448705214999999,0.608260155,0.19782454723999998
269,0.134086873933234,0.13602253480992213,0.10936131935193517,0.11063645000000001,0.646293133,0.20413351067500002
270,0.11454905842179407,0.12944870536251496,0.0994672060671937,0.108639789035,0.662193239,0.187002814075
271,0.15697391203338565,0.1456292804697732,0.10672560736619939,0.1233065742,0.6808598811,0.21257757572499997
272,0.05804969754715028,0.11268597733387402,0.08283881775518968,0.09311070634999997,0.519002594,0.15428766727499998
273,0.12206182479601566,0.13360060705230714,0.105595061337104,0.11004874850000002,0.5686981975000001,0.19300076132500002
274,0.4156522638716934,0.23797595066707924,0.19463511681760573,0.18829357474999997,1.260731099,0.322109797925
275,0.11612968330355097,0.12926908409684554,0.10809741323609771,0.10337778753000001,0.6909424070000001,0.1869805236
276,0.16638582512591843,0.14751526838951975,0.1060952650145699,0.13468959949999998,0.6387490478,0.21254468674999996
277,0.13556313499998934,0.13770881254497996,0.10789761988534868,0.11128279765,0.7376025768,0.19485427839249997
278,0.1223566184201687,0.131298473158924,0.0992811755590558,0.1188888438,0.580965325,0.18863449740000002
279,0.14688567759199816,0.13906464307133393,0.13382720346494234,0.09729215499999999,0.9143093229999999,0.1941235338
280,0.088618451591887,0.12061070736417477,0.09166126330406825,0.10100021579999999,0.6479388472000001,0.171207370575
281,0.0975736947345496,0.12532737538933786,0.09470466228667253,0.10747495995,0.496630668,0.179013104775
282,0.1710451330814067,0.15147763631476902,0.11219806487290275,0.13069758599999998,0.5548893509999999,0.22273439499999997
283,0.22185178494616833,0.16865771786282294,0.12367766195850914,0.14836278549999993,0.750005349,0.23639374775
284,0.14454088379130506,0.13812940680915597,0.1234662757924361,0.10678502930000001,0.791436822,0.19799245895
285,0.21956777674654776,0.1590751609799968,0.1378084504611647,0.1235049886,1.285935879,0.23478950652500002
286,0.2368025511553965,0.17002493495961593,0.12866065373213864,0.1502816455,0.875738234,0.24842694373
287,0.1134998030161664,0.1312925321236029,0.10450922308758677,0.104216267345,0.583769962,0.18928776175
288,0.12745576083290688,0.133870211377109,0.10675061804500012,0.1079582355,0.6694887570000001,0.199666227775
289,0.0750049013259469,0.11592147735784099,0.10431375567377074,0.08576235756,0.628072083,0.163037547675
290,0.0700470476596564,0.11551325994384505,0.09438196680653417,0.09092839100000001,0.49408757299999995,0.16872174300000004
291,0.11250333064139166,0.12440036252446887,0.10109153260384676,0.10411584400000001,0.867397636,0.181495644325
292,0.1703334287807998,0.15431791929044916,0.1269181742726173,0.11574904600000002,0.5920436831,0.21967773008
293,0.13887339904145607,0.1388100741944893,0.11234177845652674,0.11594893049999999,0.6543905699,0.1916309375
294,0.04313563100776959,0.10629364262688425,0.08211621397275953,0.0869792995,0.4612350969,0.1519189583
295,0.3220441642918116,0.20537121508014572,0.14209078061426314,0.17824057675000002,0.7970052510000001,0.3096568254025
296,0.08753710458743776,0.12006266956790093,0.0889859556779611,0.10845693379999999,0.47170749049,0.17528393309999998
297,0.20192243527147247,0.16219440231435406,0.1251898077070249,0.14060981579999998,0.597960383,0.230275194175
298,0.14377136962144177,0.13782867089010103,0.11636871839480566,0.11444013354999999,0.792707175,0.190333383225
299,0.2678718040919561,0.18701257055618012,0.1331727246310752,0.15954091505,0.8270572989999999,0.2643037292
300,0.11203029119985114,0.13171017616071581,0.09928546826924625,0.10619954925,0.5557694998,0.19093923726499998
301,0.09216471396562008,0.1243869888461001,0.0925920170400878,0.10872203884699999,0.461044833,0.17082397449999998
302,0.1121438794813294,0.12552649433858043,0.10789663449880747,0.09711873531500001,0.904070049,0.1786592837
303,0.10045703706492606,0.12309318459888934,0.0991290081936122,0.10176399744999999,0.685658053,0.179363138325
304,0.16916169387130364,0.1496725003501155,0.11958230996046722,0.12327704549999997,0.650042832,0.21761625547500002
305,0.30103067602308653,0.20075006065244974,0.12970140788143708,0.1844680015,0.7345661598000001,0.27616700475
306,0.05140911176683563,0.10780306707584802,0.08095366381827694,0.09403547250000002,0.502580881,0.15192113377500002
307,0.11345567673253934,0.13315620299982509,0.0981289559048323,0.11126939949999999,0.5030757342,0.18654247097499999
308,0.14377297626609498,0.139041164893248,0.12169956306819552,0.10814821345,0.8444262515000001,0.187455721475
309,0.9774769751435539,0.39766834019399994,0.4114783089245205,0.2974884500000001,4.34389853,0.5126512675
310,0.10523247479787398,0.12595215719625427,0.10059086899112646,0.10703299739100006,0.6277443841,0.17619521945000002
311,0.2491956368837323,0.1803065482369985,0.12330913775663914,0.16124098335,0.6974228951,0.256618609725
312,0.12505151068004644,0.13645049232264916,0.09479896558465106,0.11719858317499998,0.5908815561,0.19217870212500002
313,0.2457255433098305,0.17703874871311998,0.13827046087880973,0.14265168450000004,0.8605888780000001,0.25756330525
314,0.056381198969311645,0.10872100932532858,0.09600531574587338,0.08013086,0.6506613717,0.155368497675
315,0.36380697467361395,0.22284767840098485,0.15509400277279725,0.19775626594999998,0.775743305,0.313243928975
316,0.10778932975536125,0.12856961935041178,0.10636086754802422,0.099559575,0.7345683241000001,0.1727901225
317,0.19463925144650923,0.15714286262118007,0.1268057612029907,0.12792849515,0.806253251,0.22888631324999997
318,0.23135587739917338,0.17446501632507913,0.1282620639106818,0.15147050065,0.579407796,0.25007997075
319,0.1609549991604078,0.14628527986363712,0.11611532923204783,0.1254847256,0.63922080719,0.2057523587
320,0.12442174678973311,0.13303444603494494,0.10747144907015048,0.10559507115000004,0.6299816069999999,0.202006647
321,0.09312227693187972,0.12164535941845009,0.10043048199130815,0.09920254349999998,0.6131343953,0.17437772400000007
322,0.07972255928789472,0.11922636975462007,0.09669629244469342,0.0971865355,0.49791190389999995,0.166650552165
323,0.10607801398638148,0.12926598734489103,0.10851451289633669,0.09462614349999998,0.6691636071,0.18096552725
324,0.15174747917290954,0.14519081978469248,0.11245136944828647,0.1182910848,0.617121429,0.2082184997775
325,0.18037952352560152,0.154508037308926,0.11153097429559214,0.13779541075,0.58492515377,0.22177381125
326,0.11755852634805468,0.1292776916932934,0.1097784344729557,0.10068227300000002,0.785258412,0.18452633424999998
327,0.11191883435934037,0.1296048468834688,0.10759892825189184,0.10083422425,0.6049600543,0.190123237725
328,0.1466036310570599,0.1430096834807786,0.10959762120779204,0.11713513750000001,0.5466661971,0.21471097785
329,0.19185487731455494,0.15712774903420407,0.12191783028590253,0.13201273965000002,0.705771327,0.23025247115
330,0.20097754704841292,0.1602239783209787,0.12634509971249747,0.1364813075,0.7788370579999999,0.2217430325
331,0.057499031630672666,0.110829832053617,0.08670692768523745,0.09513452576,0.530412018,0.14559538837500002
332,0.09415804379930892,0.12230241723947999,0.10565021622375226,0.092860155,0.6651691273,0.176191898175
333,0.05642401581782892,0.11194289030833005,0.08418337027029478,0.09318338350000002,0.42824864400000007,0.15899880199999994
334,0.18357304926164864,0.15372514142529786,0.11450680514780136,0.13707231000000003,0.651653066468,0.22261392900000007
335,0.0891839209946339,0.11983669444168807,0.0990426146551597,0.09673571304999999,0.698993087,0.16736435499999996
336,0.13750105820090483,0.13750409941332903,0.11480649264516972,0.1045519301,0.7121829989999999,0.20787470765
337,0.06243688107502917,0.11015708975871003,0.0885344810631831,0.08895758745000001,0.615576981,0.16368022575000002
338,0.2194491989783145,0.16892200302816304,0.1270515466232314,0.1462062259,0.614520222,0.242737901355
339,0.07366971158800284,0.11823983171967103,0.0853659216077518,0.10056586765,0.4368986561,0.1696482160625
340,0.2097705511759703,0.16500699362076526,0.12065131062745041,0.14452012133,0.6636721489999999,0.23580962975000003
341,0.368596086644932,0.2233937432731719,0.14658672696129438,0.209791806505,0.7058006151,0.31836917479000004
342,0.21855968106857926,0.17210082043976438,0.11474160727512052,0.1514813249,0.5356033589,0.247706219475
343,0.09874503468784034,0.125012471989963,0.0974695041556715,0.101786970005,0.5989013160000001,0.18110145374999997
344,0.0681842690782449,0.11387449591199696,0.09162137635211336,0.09233873699999999,0.611064702,0.1569544856075
345,0.05117163012288962,0.10754905285758753,0.08726294453970461,0.08514834545,0.5586009282,0.15643023882499998
346,0.11484918025020992,0.12979326100546348,0.10240120049429252,0.103338534435,0.706924364,0.18972398699999998
347,0.22364122474613374,0.17051647044983018,0.1333868422207665,0.14154392449999997,0.751825989,0.2360192605
348,0.1367241122106887,0.13630462752348832,0.11734163771242151,0.1074473076,0.739877283,0.195171811
349,0.12523201669598813,0.13452731142317526,0.1079279327962863,0.1074357525,0.638464004,0.194196324575
350,0.15337532049514913,0.14525541462306302,0.10948826633579924,0.12037538354999999,0.7612102887,0.1973865132375
351,0.09919202470475076,0.126569440937798,0.09868368338669872,0.10705178875000002,0.518526674,0.17223351449999996
352,0.24520239430233076,0.1797719774957901,0.11719134087421497,0.16554755355,0.638162195,0.253198746925
353,0.11061920185323872,0.12763634226779993,0.10139227979928557,0.11272105550000003,0.6248303669999999,0.17228804174999995
354,0.12168099277578949,0.13214982923159904,0.10363605809962209,0.11088175724999999,0.631486431,0.190600443775
355,0.2977090755985797,0.20161994709537012,0.12849204496978714,0.18382146544999997,0.667698145,0.275037680625
356,0.2015620573186135,0.16295584609411998,0.12709727468316653,0.13070534355000002,0.643436789,0.24235668824999998
357,0.06091517774486892,0.11260205479268863,0.07886328173115333,0.09950933585,0.440119207,0.16243972460000003
358,0.14128293597390024,0.1379248772754092,0.10801616478794436,0.11721678064999999,0.659974515,0.20437017024999998
359,0.15829404517513126,0.1467317042911669,0.11598190628978482,0.121515255765,0.640146137,0.20647699125
360,0.09901608104525235,0.12689491557813995,0.09745286193004732,0.10523606495,0.546798542,0.1741221135
361,0.12670075851549667,0.13586101112929144,0.10628449685048326,0.11151053380000005,0.584551573,0.19348406482500002
362,0.16700234472231382,0.14636110390998486,0.1309020916056563,0.10893677900000001,0.9070247119999999,0.2085075499
363,0.1372160248555173,0.1366621282975211,0.10842111336983654,0.11909203225000001,0.642441272,0.19331037612500002
364,0.12918181707655021,0.13766745272155867,0.10668946738361439,0.11073856584999997,0.5580975450000001,0.19934447099999997
365,0.060289067071811836,0.11075308179224998,0.09028346480189561,0.08584309350000005,0.602512658,0.16180926575000001
366,0.13701037812654002,0.14008998377682896,0.11057533204243883,0.11475800000000003,0.6060919687,0.19366864982499998
367,0.110546446156654,0.12859427391287398,0.11439085415091019,0.0982671225,0.630571507,0.1812124315475
368,0.31919347307821755,0.20537703532095325,0.1344699000461806,0.18863157565,0.689310551,0.30130651215000004
369,0.05127754191272804,0.10538954976338696,0.09253879330248577,0.08125646595,0.6659336690000001,0.15178922975
370,0.04403536086605022,0.10544643080282935,0.08831276814783262,0.082974084,0.5148672161,0.15028221200000005
371,0.045481116041292305,0.10319026906722253,0.08842650832422748,0.0806885215,0.753418028,0.14054023124999998
372,0.18231042058482808,0.15529647838330404,0.12783113102470395,0.125108086,0.595592186,0.22669014465
373,0.18261625293000744,0.1535064078533279,0.12188364292893282,0.13022194742,0.6869663589999999,0.220690248025
374,0.11389737312553795,0.1285883573750683,0.11348243973792271,0.09723306084999998,0.739256278,0.18302744565
375,0.22039216839207051,0.16796249588899997,0.13217221830477918,0.1424353052,0.721553385,0.23711949799999998
376,0.1652840683057126,0.1460798450479752,0.1109938289644595,0.1250815985,0.740896165,0.217043403925
377,0.1343902293990878,0.13783747441592917,0.09531069179781701,0.12450020240000001,0.56494832,0.1992679537
378,0.06275805923275646,0.11052834553937191,0.10188836555228106,0.0846374775,0.5830044154999999,0.15512216242500002
379,0.10958400091283971,0.13183748777664897,0.09893778705676806,0.1121253717,0.49190563000000004,0.17722754549999997
380,0.22143112944041535,0.16595378846656633,0.13698796878480596,0.13363713165,0.8468124978,0.24498901125
381,0.10564631644287889,0.1287283168016949,0.09800902422751599,0.10476250575000001,0.529371932,0.189597855915
382,0.13621401533788416,0.13492609977130007,0.11077931789469805,0.10871622099999995,0.9190196754,0.18648320349999994
383,0.23695274264142546,0.17947394589499133,0.12750132205899875,0.15356411799999997,0.607379317,0.2452656589
384,0.2232693003095519,0.17175120527404292,0.13779352357039612,0.14009636649999999,0.6822477058,0.23504254974999997
385,0.18948937608637284,0.15919487483287578,0.11916946927977286,0.1298860048,0.695164025,0.22853174539999999
386,0.1935777333928382,0.15787428501278422,0.11985074873598657,0.13639021115,0.7038254740000001,0.22638044832499998
387,0.10735184956092556,0.12955113121049733,0.09133982331597787,0.11594463849999997,0.4388302935,0.186490385225
388,0.1404831437713403,0.1429016012089844,0.10006544772761969,0.1255223965,0.4593323212,0.20321658367499998
389,0.1453153120459801,0.13988913507092837,0.11196851524687333,0.12051961605,0.723081649,0.1893294674
390,0.13096252270213576,0.13526935275261007,0.10535694165951373,0.11226575799999998,0.5823240337000001,0.207019275725
391,0.3671860197336024,0.2253597835953331,0.14014332984823138,0.2017574685,0.8778728696,0.32019054162499994
392,0.23859104313257645,0.1744725334033582,0.14270887561311385,0.14223542972500003,0.8135869950000001,0.243371543
393,0.06980462913496356,0.11602336430816282,0.08925313713099062,0.09511220376999999,0.48796342299999995,0.1659415678
394,0.13924651113430103,0.13835307285723292,0.11258843693524151,0.11327993565,0.735336572,0.191223086
395,0.12842342708294938,0.13668991577466985,0.10622604960235754,0.11208629705,0.6811625811,0.184559898425
396,0.35549111589943105,0.22405586669716807,0.13716862819780867,0.20767471529999998,0.767086879,0.293898046
397,0.116867708720698,0.1313219981479877,0.09919647541869597,0.1141063875,0.665946724,0.17558017302499998
398,0.24817244466481864,0.18135547509140768,0.1328526326398626,0.15903273855,0.706622512,0.23935639475000003
399,0.16107851829470926,0.14787336698969497,0.12494361310242315,0.115264443,0.6680449622,0.20801570340500003
400,0.12049466179373373,0.13445707315305605,0.10518880604043589,0.1087962222935,0.495467365,0.19757454024999999
401,0.0937814128964908,0.12292505581455364,0.09943715545328086,0.09737477450000001,0.6373405160000001,0.17602569632499998
402,0.12155361208296017,0.13374355013555012,0.11602477333733084,0.0998244585,0.7048949,0.18354455399999997
403,0.24021589773230023,0.174950774187267,0.13289232430989278,0.1491337158,0.658752322,0.26295333049999997
404,0.10094811631637807,0.12598447256663917,0.09370021856158971,0.10927993150000001,0.5272673969999999,0.180823278075
405,0.12682534579709523,0.13818538197626254,0.10050603240034858,0.11604995350000001,0.537160478,0.191302169325
406,0.1646621295300045,0.14913821352550002,0.11369385476914681,0.1253526285,0.6098295451,0.21560443175
407,0.10603266147598707,0.12395163213459807,0.10064808402925164,0.1051630973,0.844441832,0.16537131424999998
408,0.2500589971651403,0.179793728029718,0.15013016495369366,0.14282351,0.796305239,0.24892995666999998
409,0.2046704869817979,0.1608953383647361,0.13151354806697013,0.12965896750000003,0.8819645052,0.22675260885
410,0.12884566407952325,0.1383946947592121,0.0967551440429798,0.11470422115,0.5933663849999999,0.1997437069925
411,0.07723008020068066,0.11698000753401001,0.0897228210433444,0.10230428725,0.5101918873,0.16412093449999998
412,0.3525589948882457,0.22183095355030968,0.12524481942614488,0.20779493815,0.879400879,0.29933425750000003
413,0.12109688621955789,0.1334477280603475,0.10254129099226288,0.11108978340000002,0.539872706,0.196359568225
414,0.06438104599848529,0.11417838275516143,0.09197860427654199,0.09047981205,0.5013711599999999,0.16082019875
415,0.1110043562152371,0.12888773793416008,0.10344604140814886,0.10226623700000001,0.6478468479999999,0.18851087975000003
416,0.09499160964411484,0.12440655888020208,0.09083524119429469,0.1068272971,0.4988446757,0.18198890255
417,0.13459215159280183,0.13445812400052054,0.10810498667262596,0.1033667125,0.818829298,0.210708172625
418,0.1272186116836596,0.1354527142175349,0.10454147551480873,0.1129502467,0.631695718,0.19058880200000003
419,0.07244637600610473,0.11515291225467009,0.08378083960963247,0.1016095575,0.509312942,0.16729841315000002
420,0.14874018408749157,0.14099135700018023,0.11406127677399008,0.11696815350000003,0.7343235909999999,0.19951214700000003
421,0.12266666900431866,0.13223235058530006,0.10436343487405972,0.10995985549999995,0.6748572890000001,0.1895056965
422,0.17758314222433158,0.15296344008871265,0.12152693491291225,0.1237288006,0.6640969514999999,0.226297694475
423,0.11304036786022029,0.12721353485726494,0.09686398273828165,0.10736505684999999,0.792999864,0.182426357425
424,0.23739491618060077,0.17761062851138743,0.13568976745511413,0.1458358651,0.662754029,0.25039719055
425,0.26901102668305116,0.18437383089479978,0.14487041644325804,0.148854524,0.77757272,0.285729866175
426,0.15575788808144536,0.1438138534122201,0.11088119802517903,0.11858308349999999,0.844623385,0.201122174
427,0.051451526577219575,0.10692156794176082,0.08242486705201257,0.09362202909999999,0.522460922,0.150927181675
428,0.06859584137224108,0.11335746886872805,0.08979590243162147,0.0924279883,0.6455217600000001,0.158690933
429,0.07523701523277866,0.11704971604446598,0.09339457424454363,0.0960595683,0.472268283,0.17090959992500002
430,0.16728239326499636,0.14777182249469975,0.12659613794673916,0.11666013299999997,0.6908990144,0.21723550575
431,0.12567523114674886,0.13346457184123778,0.10668542842197258,0.112888582,0.734156519,0.17758623845
432,0.11800672012536395,0.12803991458171599,0.11691086172361977,0.09768612880000002,0.7814344971,0.18487652900000004
433,0.23809630077603033,0.17649466516717008,0.13475033881061285,0.149112359,0.7506753654999999,0.24005916447499998
434,0.10042979460005845,0.12619473684573207,0.10602623879724062,0.099970110705,0.571575866,0.1755953669
435,0.13429236908486603,0.136477662233039,0.10251288871505261,0.11875386685,0.681947768,0.19198940895
436,0.11543099961680547,0.12884294913693994,0.11029019649795659,0.09940588500000003,0.7774520540000001,0.182750087225
437,0.09699716372069939,0.12541382625159003,0.10329304138948137,0.09815502675000001,0.5541695583,0.17873721372499995
438,0.08559835799164574,0.11902789097062308,0.08993907863966755,0.10417637589999999,0.564803898,0.17133755025
439,0.1749955190215901,0.15095261867332302,0.1026983132004623,0.14023876295,0.630073369,0.220623254725
440,0.0218537841895774,0.09855947479515004,0.07649114139924354,0.07988870725,0.458028078,0.14002033532500002
441,0.15930598499253212,0.1488090689548139,0.11416430540943269,0.12056953984999999,0.593932495,0.2136294909
442,0.23198468466496067,0.1738599371997019,0.12634019623533002,0.14634492425,0.732906327,0.25244187816749997
443,0.06362802740780768,0.10948581791745073,0.09661292993741592,0.08387017200000002,0.73860754,0.15448143485000002
444,0.10304562398446712,0.1257737164670326,0.10263795256737157,0.10101685485,0.6394071723999999,0.1800340935
445,0.060705983776256696,0.11101493120059287,0.08532379822707233,0.096854091,0.5416581594,0.15111145775
446,0.21006560715793965,0.16450232406451012,0.1204434316654637,0.14618387899999993,0.6732077900000001,0.23348011645
447,0.12676301044231006,0.13537664613464404,0.11972390912019248,0.103854406035,0.6550194915,0.1833468265
448,0.11211662686560336,0.128394517325026,0.10298856371650053,0.10742402865,0.634335353822,0.18311505825000005
449,0.23468948452265503,0.1730517993550827,0.12766541360617714,0.15501546314999998,0.647377939,0.24883019950000002
450,0.10222910216175873,0.12494257476002807,0.10575480213775476,0.10217394699999999,0.640862718,0.17207326750000002
451,0.11787183831446178,0.12868181097161707,0.10841235350469688,0.10475821775,0.7727211957,0.181100332275
452,0.22074198989749858,0.16868889896352007,0.12773108413131942,0.140907171645,0.724565252,0.246638764125
453,0.16387957003578352,0.14513833347409555,0.1216479675648237,0.1194482,0.7745219243,0.20781724439250002
454,0.1016362290376083,0.12411563553359999,0.10165468116229433,0.10102760799999996,0.684214071,0.177547984
455,0.22633738867224776,0.16853781584547106,0.14949428348310917,0.13029624005,0.8794037400000001,0.23534623527499998
456,0.16955238328085,0.1482947268192819,0.10148241492638237,0.132759504,0.805720849,0.21370443279999998
457,0.0580504186600781,0.1110292025897551,0.0943782539907955,0.08704882105000002,0.505529117,0.155479427575
458,0.31436540189546985,0.206301077898206,0.13646066495784318,0.1818573215,0.594608322,0.30780536325
459,0.11473093423464144,0.12848037023110023,0.10228826332463002,0.10386760550000004,0.789932698,0.1832169723225
460,0.12704660818213323,0.13428769916884287,0.11170226302406788,0.10570231160000002,0.7349216489,0.18759220800000004
461,0.10642232427532766,0.12723970442648327,0.10172940950005237,0.10135076800000001,0.591349095,0.19119410450000002
462,0.2406625399447798,0.17611438338383906,0.14842393780722538,0.13726739975,0.7911363840000001,0.2491899165
463,0.17160384980316012,0.14992672566650295,0.12175359254535875,0.127160601,0.6992023794000001,0.20590821435
464,0.6156532490836641,0.3191379136644471,0.18019832844339348,0.3076571825,1.017854631,0.42679347849999993
465,0.1737920618153714,0.1515316280893066,0.10599920510540185,0.14283448165,0.48315614399999995,0.21967471050000004
466,0.06808620828800988,0.11314425860116435,0.09973257310433989,0.0847780751,0.6628997919999999,0.157552091675
467,0.04234073867702559,0.10517658585719002,0.0849771071497782,0.08579171855000002,0.4510027841,0.151938628475
468,0.23973000882818354,0.1780696412513582,0.1404051857780586,0.138545312,0.724003807,0.25845880075000005
469,0.10522319636164483,0.12853617319842198,0.09422198031007928,0.11071476410000002,0.550196007,0.17907667745
470,0.1402748550723248,0.1365586631182311,0.12388796214376671,0.10197979249999999,0.899192396,0.18958110374999998
471,0.1403448894816615,0.140135084978685,0.11404972369752263,0.11337371896999998,0.594570204,0.201593023075
472,0.11751387061367877,0.13214430082395398,0.1051003183264395,0.10821032549999998,0.593916297,0.186773053
473,0.10679224910392766,0.12762518646081622,0.09241710989733472,0.11303303526500003,0.543150172,0.184275706875
474,0.15489581320564277,0.144477101935928,0.1133985849124724,0.12005878995,0.695421278,0.20503855847500002
475,0.12241562690023818,0.13295932530663013,0.09871177758031192,0.11754430275,0.5636446695999999,0.1901084744
476,0.11236671497534004,0.12952842798519293,0.10452359723727031,0.10670313135,0.6251163479999999,0.1808095556
477,0.054905706419091864,0.11140220820875904,0.08664059573109699,0.0897212775,0.45980579400000005,0.15696931565
478,0.10904764432771685,0.127016454822443,0.10682679031660412,0.09447569794999996,0.7707804450000001,0.18788540400000003
479,0.2721455942323916,0.1896348223161947,0.1294123099504044,0.16963050075499997,0.6977664610000001,0.26524934899999997
480,0.28133182160590176,0.19111177759868006,0.1495807770151588,0.15777099690000002,0.8998872188,0.2600301354
481,0.16518931585012153,0.14949055766563143,0.11892249951714727,0.11715000850000001,0.6909580310000001,0.218100573475
482,0.07306450761527528,0.11846345469035162,0.09458120019477617,0.09039855005000001,0.490863115,0.17023814567499998
483,0.12863820666157746,0.134470767528138,0.11677296701048903,0.10582973800000002,0.747356892,0.181585173825
484,0.164095554266695,0.14424882393286304,0.11258481302060823,0.1234509966,0.9022526291999999,0.202955659825
485,0.05280537379601718,0.10881655943611844,0.08413036433592695,0.09027402100000001,0.4633637242,0.160716371625
486,0.138250451880503,0.13896998022455256,0.12059175365176238,0.108576357,0.676690578,0.19074940064999998
487,0.23023918015572645,0.17180964169778312,0.14510503109613423,0.1296887803,0.81119592096,0.253023948425
488,0.05061816418633791,0.10704234391392005,0.08611055237951144,0.08749363716500003,0.555724099,0.153007565125
489,0.15598574515086078,0.14616141442394723,0.10481762443453892,0.1289274165,0.5852353817,0.208446793575
490,0.32047730285189774,0.20964610598643313,0.13613058804497077,0.1843895015,0.7451121243,0.29437093495
491,0.20957233327957459,0.1579076546418803,0.13031227200030213,0.1284801383,1.17912294,0.22207973925
492,0.25949570687551404,0.18190244049551713,0.1460723946055756,0.14686009475,0.8374884570000001,0.2623510267525
493,0.07817634212640125,0.11732497971115977,0.09792981954229335,0.09218703747500001,0.544688209,0.17230295985
494,0.1018720831590719,0.12303354856916059,0.09677489256086767,0.1031264365,0.840515226,0.1678287871
495,0.06645472484417433,0.1130966261088301,0.09028533764965699,0.09281338769999999,0.526633814,0.164272676825
496,0.04290062349146861,0.10514683149717008,0.09337304114923195,0.0811959021,0.503578246,0.14496650812500003
497,0.0603160168358972,0.11153479204763898,0.08692076231103117,0.09246447699999999,0.5038012413999999,0.16020391857500005
498,0.13127722823982063,0.138711982712454,0.10495132868060338,0.11724515689000001,0.529693663,0.19296775774999997
499,0.13775086667538966,0.139972482505003,0.10988694431852065,0.110942088,0.5943229123,0.20734594942499998
500,0.11491047185763617,0.13091937364482786,0.10249890641220327,0.10976713499999999,0.530715876,0.1902004405
501,0.06132540335836547,0.11081015938632988,0.0872419971553076,0.09286281499999999,0.48873266600000004,0.16515907675
502,0.07137214832441915,0.11429291565659494,0.08549070990083076,0.10050907000000002,0.506369159,0.16674668134999998
503,0.20274557938953297,0.16209285923160002,0.1363684245075338,0.13465382149999996,0.7434750050000001,0.2130320145
504,0.11779559980834725,0.13385732074915896,0.10569389460050421,0.1053936335,0.4993993197,0.19839596025
505,0.0872746559170623,0.12160152943478299,0.08945980337947879,0.1069181275725,0.47171047309999997,0.17310828135
506,0.44779907076682857,0.25326210954949135,0.16479210761428897,0.23212178075,0.9555507300000001,0.3485213909
507,0.03186649459670522,0.10044438137496692,0.08352693137710666,0.07783741499999998,0.5504753,0.14623887877500003
508,0.09218847421620925,0.12331728291270024,0.09748033856855716,0.10109200715,0.482773721,0.18133772909999996
509,0.09368319876586347,0.12314686742897303,0.0941132547893258,0.10113658,0.610745792,0.177911818
510,0.09526902038421156,0.12299375399671447,0.09737477034271304,0.10064405594999999,0.5820097399999999,0.1815846814
511,0.09268184456220831,0.12085685980181907,0.10141868089918366,0.09722027865000002,0.7240881170000001,0.1666258339
512,0.021641199017867,0.0977904637875719,0.07341113971840504,0.08320113049999998,0.4441734772,0.14034405972500003
513,0.32904334618119757,0.2093521456683867,0.13600874335663396,0.19292540455,0.695273072,0.304633764986625
514,0.10541961890106868,0.1266997351019179,0.1028867757245737,0.10148095349999997,0.717471898,0.17437285175
515,0.09776548680338738,0.12717372040670696,0.09862432454876861,0.10176301495000001,0.5129578258,0.17961322824999998
516,0.1311742413837628,0.14012981040758815,0.10458923799134828,0.11332168799999999,0.5680229705000001,0.19447102967500002
517,0.20847311724106538,0.16405704018951064,0.13318393528961903,0.13057068,0.842334842,0.22793332424999996
518,0.09198408532399194,0.12398506216057593,0.10364204535346438,0.098406911,0.5621273297,0.16668727999999997
519,0.15794569536455538,0.14494960806398052,0.11123381639626659,0.12212015700000001,0.6982491909999999,0.2106960155
520,0.09726640419937292,0.1257314601901128,0.0946434594015219,0.1055786629,0.611229762,0.16947394332500004
521,0.19584934319508301,0.15903775658182984,0.13065194532067587,0.12690802725,0.7510298504,0.22891119875
522,0.13975136024486445,0.14206572555575406,0.11272435747281868,0.10898868575000001,0.547806412,0.21194780780000005
523,0.17985244631351105,0.15434730138193395,0.12530050236713472,0.12335594302,0.757408395,0.213628759825
524,0.07972305486698843,0.11719052454227792,0.10168019378790999,0.09293317005,0.6952844654999999,0.15319657348
525,0.14159875939604352,0.139603287012153,0.10678003446032232,0.11982177999999997,0.555761382,0.20755458573
526,0.1292043752747323,0.13533954232464007,0.09369011693396426,0.12148673844999999,0.5959587471,0.198123560525
527,0.10360500549840128,0.12888128349868958,0.11081891476160571,0.10002404825,0.5217630858,0.174282805925
528,0.08388852442454911,0.11986478589867933,0.09758094111488662,0.09656900904999999,0.5702434479999999,0.16887491615
529,0.12947689734372755,0.13452920354655007,0.10557037529607957,0.112998455,0.597148687,0.2012915315
530,0.14460611379727625,0.14039185001251703,0.11465165839938142,0.11524914939999999,0.669672847,0.19949007130000002
531,0.10779064461408853,0.12723031631571102,0.09876272493164774,0.10786793399999998,0.6552444550000001,0.177958074575
532,0.012458197659955728,0.09493111173146809,0.07178844046278521,0.07870139945000001,0.450447261,0.135120427675
533,0.09291356949208818,0.12421993341132993,0.09848855362772328,0.09844802299999997,0.58119528,0.17499757324999993
534,0.0852922639688885,0.119855872232633,0.09969301252520353,0.09213599500000003,0.584279507,0.17821855100000003
535,0.17545602592547313,0.1478912676811561,0.12674738841558988,0.11744867399800002,0.9164779635,0.2138403861
536,0.1702513559345832,0.15150390361067223,0.12043681795214378,0.12447437792999999,0.667867572,0.20951199542499999
537,0.318824429111739,0.203324377765125,0.14546511341685894,0.17964915215,0.8652764279999998,0.29028650399999995
538,0.067425207441427,0.11522242777396198,0.08936618112670922,0.093947526785,0.49122895299999997,0.163701137575
539,0.17121279873905926,0.15165777060479474,0.1242125485488959,0.11810664940000001,0.641528651,0.22321316752499998
540,0.2434463703978871,0.1770341474289129,0.12412847932266634,0.16053709765000002,0.6768160093,0.252085117475
541,0.17030814969084154,0.15265793534709318,0.11226786100089983,0.12871279600000002,0.5991178159999999,0.21726451752
542,0.05191746484850941,0.10756153280254596,0.0897040124203305,0.08484149725,0.5598215089,0.15505343852499998
543,0.22345657321285986,0.16823307197302909,0.12333643720993794,0.15498691025000003,0.6325625779999999,0.23953485125000004
544,0.10411033666683611,0.12547989321095895,0.09744747254403947,0.10919811904999999,0.5837748348,0.17911882475
545,0.14717701206640796,0.1444713640391228,0.11082264544073626,0.11911043499999999,0.5688912570000001,0.20329748125
546,0.19022382106979388,0.15844027969715685,0.13883627936778514,0.1142127905,0.807097271,0.225127686
547,0.17104388674030385,0.1505582969668708,0.11655556244646939,0.12368213354650001,0.748687536,0.2140439415
548,0.006592014511333032,0.09477947672265673,0.07171128193131666,0.07634488775,0.37366727,0.132887921425
549,0.2981485338579514,0.20125763872800298,0.14137796442538403,0.1728830095,0.742039621,0.27378221453499996
550,0.10940401346798506,0.12937995977329803,0.10081979569001517,0.106384408,0.576634109,0.18489475998750002
551,0.13288494284167385,0.13967243953685876,0.10468499043089251,0.11620545394999998,0.515287399,0.1991867983475
552,0.06021944207862834,0.11143751287709713,0.09649711763688179,0.083477437,0.607128113,0.15454380395
553,0.1341359846604831,0.1366798168032412,0.10406860996293564,0.11831188034999998,0.6165572782000001,0.1963677405
554,0.10880855461187797,0.1281837775575691,0.1153125754527028,0.09266507600000001,0.666734159,0.1852450145
555,0.11970815196496601,0.13328136818109904,0.1024904465157202,0.10971521605,0.534231022,0.196829985825
556,0.13829539486227074,0.14170542076089995,0.11279715005280615,0.11417639250000006,0.538469077,0.197629716
557,0.09640673627209145,0.12451101228583215,0.09469985444564649,0.10283232735,0.6225006652,0.1755801756
558,0.24809221197691494,0.17645227200471414,0.14412388139999022,0.14615466065,0.9801001250000001,0.23538224222499998
559,0.1474965660555829,0.14211806661182,0.11353424329418925,0.11672858535000002,0.570311799,0.21165390375000004
560,0.04769014157691957,0.10842679745814075,0.08441388027629594,0.08946864299999999,0.44084157009999997,0.15129972059999997
561,0.09232381022908293,0.12422571405698037,0.09361516436165578,0.1044677536,0.469308615,0.17909486584999998
562,0.048278288366260455,0.1063733642507861,0.08121556758386819,0.09008129660000001,0.5283083771,0.15322057100000003
563,0.12413587276714191,0.13489350856212823,0.09735275779888916,0.11932609955000001,0.49420997499999997,0.194962322725
564,0.2377604757547585,0.17516442773949917,0.14818647796119136,0.1392722412,0.8403948029999999,0.23422400375000002
565,0.14160080732672198,0.1386005448146908,0.11134455141299436,0.1148753166,0.756240189,0.193227391875
566,0.13373519812064177,0.13978300893381074,0.11820445857872698,0.10675771276499998,0.645798772,0.18732119414999998
567,0.09411069978386237,0.12422294984547899,0.0980682095413654,0.0993134559,0.502553593862,0.1853005812
568,0.2269537940545564,0.17313748338695106,0.12258926012277861,0.14871299300000002,0.574450895,0.25774604627500003
569,0.12056272678751119,0.1322111698667613,0.1105015202476726,0.106056139,0.6315736214000001,0.1872805567475
570,0.12611811229080128,0.132690978545578,0.11841526691485373,0.1057412442,0.713874459,0.18050993612500002
571,0.09380217489426598,0.1243238119574271,0.10617631923894134,0.093020618,0.5575057609999999,0.17972705655
572,0.1495160574492121,0.14140637573717216,0.1247336016340325,0.1106168873,0.6902222414,0.20247077900000002
573,0.0923227140907349,0.12245722278247302,0.09745015578536821,0.1007015145,0.6081485449999999,0.17182422025
574,0.0475339344626912,0.10611888869021438,0.08798006564810726,0.08588496504499998,0.5540608169000001,0.14780696725
575,0.1388527541340408,0.14341720305229927,0.11138274726990692,0.11185785749999999,0.523117841,0.20381037483249997
576,0.09424561645178438,0.12095933918176083,0.10076716005871483,0.09596313549999999,0.743100628,0.17271024322499998
577,0.11615364704082186,0.13342817270506008,0.09864760467074814,0.11157298645,0.5247222189999999,0.18947946115000003
578,0.19922056379581948,0.16057674452437182,0.13477237304399323,0.12308148249999999,0.877113253,0.222927321
579,0.15745494800177798,0.1448080035014278,0.10443116373062933,0.12879224505,0.626696468,0.2128699305
580,0.09206882032674313,0.12350460865982421,0.10177858203397579,0.09652738635,0.5073523520000001,0.18148496050000001
581,0.25157642329948365,0.18269301122526685,0.1240102726624529,0.16142236059999998,0.68086724,0.25683702399999997
582,0.06929258500761805,0.11458505882126581,0.10383746345812812,0.08826762804999999,0.5414906106999999,0.154849415475
583,0.18818773606463884,0.1562094159129799,0.1283859698359763,0.12258788949999999,0.794172808,0.22459860950000002
584,0.11319783365524719,0.13004555668793197,0.1080456649289686,0.09993806485,0.71547701441,0.18217318097500002
585,0.09608362695778924,0.12569577677114577,0.10032378118419115,0.10046334,0.4909738,0.1815651334
586,0.17951165097212796,0.15586969970400014,0.11324679166431781,0.12997397850000003,0.647216108,0.22445432125
587,0.11757247560572519,0.13384705526292504,0.10313573370676422,0.11151095935,0.554225847,0.181936766275
588,0.11828856299729835,0.1306665294753899,0.09808938620904745,0.11424277700000002,0.574495561,0.192512474725
589,0.29853851047658825,0.19289201128201008,0.15699759257715973,0.1580928605,0.9830045986999999,0.281445937425
590,0.0863440952844129,0.12046501838022998,0.09948423417926142,0.09610565355,0.6170402804,0.16708780075000002
591,0.05467484649670997,0.11003515744236704,0.0853859882745312,0.0892802868,0.507381752,0.158178359075
592,0.21221050739922492,0.16519057639456222,0.11843778702616459,0.15108600249999998,0.683981225,0.228279778875
593,0.1647628068940073,0.1511903521496336,0.12181774399606773,0.12033907300000002,0.666808039,0.202549105675
594,0.024491446443951504,0.09807597975886526,0.0801068897946329,0.075747812955,0.592085823,0.13830460200000003
595,0.0837826629703967,0.12029807227094981,0.1053144544741693,0.089927211,0.5852790430000001,0.16859035249999998
596,0.09866368272913109,0.12436287053930993,0.10795517713619013,0.09545467764999999,0.6332528371,0.17659550224999998
597,0.10702473692724054,0.12706458677652205,0.10722806852309398,0.10017673285000002,0.633739943,0.18259007528500004
598,0.12960845511948163,0.13440716535984099,0.10604807869293631,0.11334220329999999,0.6947666924,0.1901083055
599,0.10909104192582271,0.1288215061194613,0.10533109658193177,0.09850931139999998,0.592890285,0.1948234047
600,0.058435818927620654,0.11012790823415088,0.09208537838511968,0.08754395354999998,0.611741066,0.15045507975
601,0.08472645225954063,0.11997076947571282,0.09801845116046144,0.093542195035,0.568016037,0.17750577325
602,0.14855437273323327,0.14288108117065995,0.12129923572467734,0.1132284067,0.680288627,0.1963014825
603,0.07331591689777595,0.1142679120130984,0.09650741084492784,0.08817993900000001,0.61039725,0.1719473659
604,0.16531772868013744,0.1499865584385953,0.11968693536142039,0.11895702775,0.6744297749999999,0.21335480545
605,0.24694335138669798,0.18122746004193108,0.12981963030525842,0.15215004940000001,0.790682707,0.24846650512500001
606,0.17953734677374578,0.15444800219138508,0.1234834518813516,0.12260915720000001,0.691356987,0.22417062932499998
607,0.1534998028447971,0.14650163891761994,0.11092191632262177,0.11674927150000002,0.572206977,0.22034032895
608,0.08603120184274632,0.12107924870811902,0.10669617019865103,0.08543374755000001,0.587735005,0.18067152936500003
609,0.077860764279707,0.11619684877142404,0.10024391703200142,0.08715297999999996,0.683832228,0.16781142792500003
610,0.08850853209921167,0.12106367099529894,0.10399908398528199,0.09396900250000001,0.5900422712,0.17189259425
611,0.138259699069197,0.1381305553085332,0.11892013855721313,0.10978905149999998,0.728427618,0.18755438745000005
612,0.06969099999051279,0.11581519711830017,0.08807134063985327,0.0989665149,0.43664531399999995,0.16455729662525
613,0.12016836501601072,0.13399523043802294,0.09979702412712925,0.11178674159,0.592856378,0.18954525830000002
614,0.13835585613624501,0.1386533417467151,0.1130169993726169,0.10468185905,0.688778415,0.21219097085
615,0.13412860912221983,0.13718176324915518,0.10198384007999632,0.11434927277999998,0.675978795,0.20136935675
616,0.1714275075046102,0.1528433155844691,0.12145839272487603,0.12243056349999998,0.605888038,0.21872471225
617,0.16031654732300674,0.14792554926248516,0.12316263652892198,0.11226380409999999,0.626460686,0.22006589529999998
618,0.23840625752834682,0.17602864312870004,0.14047913232974463,0.1448592095,0.705595806,0.24748439700000002
619,0.13304954349760328,0.13162117257731976,0.12119752486747602,0.1024620495,0.963670939,0.179553484775
620,0.07284613608566141,0.11364367540824187,0.09057633637171925,0.10062208183499999,0.5711859616,0.157195558775
621,0.10214005183847605,0.12566892869128685,0.10041985244057763,0.1028237068,0.5444777559999999,0.1872385441
622,0.04938343619752947,0.10793484562909597,0.08953963422350487,0.08356985400000003,0.477600783,0.1588590139999999
623,0.21478875314057383,0.1648776936864201,0.11537222262278994,0.1510894,0.6211301829,0.24800923824999999
624,0.18163372076033155,0.15193078740472318,0.12353420194684665,0.1243957185,0.887347031,0.21205313875
625,0.0554003613723648,0.1098599259336341,0.08693926975268994,0.08959457835,0.4971400355,0.158482517225
626,0.07193104757950869,0.11497357654605019,0.08718301874737988,0.0960036048,0.580144659,0.1663791985
627,0.07813328502649858,0.11795638815874995,0.09973821109497967,0.09193648360000001,0.602964163,0.16189930258
628,0.2819448978690513,0.1912228140684429,0.13668210149599697,0.17273972199999998,0.793202706,0.2589425338
629,0.15343402140224907,0.14350635810463397,0.11143759256710097,0.12285719799999997,0.6808597789999999,0.2018668214225
630,0.17869649705639654,0.1527089161825579,0.11939867294089014,0.12666846625,0.7748747279,0.21505656172499998
631,0.11829723197178682,0.1299294959099242,0.11150303100223041,0.10216603399999999,0.7463830263,0.182588379825
632,0.06307700799163754,0.11154699981994493,0.09139368761704782,0.09010967389999999,0.6132923549,0.15447362309749998
633,0.20749541649456607,0.16614643575185117,0.12151267461139899,0.13827113809999997,0.7048462929999999,0.23513554862499997
634,0.12514104735338724,0.1327161123966999,0.10301926092955255,0.10651783700000003,0.8163965630000001,0.1903908205
635,0.13107241501923356,0.13600290224695002,0.11805188672827309,0.10402031250000002,0.721924245,0.18895163775
636,0.18133689188751198,0.1537626106300939,0.11467920526369377,0.13428480204999999,0.701165586,0.217266657925
637,0.09298533495148503,0.12396278386177802,0.09925155885883476,0.09589285350000003,0.560978725,0.182754846225
638,0.13244030131491907,0.1395374164198656,0.10135512482478697,0.11843076124999999,0.51588957,0.198532658425
639,0.16552776943429912,0.14895531500346895,0.11926396588956369,0.12183972285,0.656684429,0.212630203275
640,0.09731271459036836,0.1266108881756921,0.09813631065225777,0.09747214599999998,0.600307077,0.18151104299999998
641,0.16332970729731,0.147961362788793,0.12289657577462289,0.118010532,0.753324846,0.20201376875
642,0.07775377471743611,0.1173179875682128,0.09084314333805997,0.0980288824,0.588799193,0.1644963048725
643,0.23202054179809745,0.17504539119943868,0.12860283714230253,0.15128880175,0.6121694449999999,0.2467380598
644,0.08605479861119085,0.11883330952574309,0.09765727324251083,0.09866810990000001,0.559550569,0.17387917190750002
645,0.13520763813542874,0.13413977102185595,0.1099903088657894,0.10732269299999998,0.953234226,0.186788743375
646,0.11542685664489645,0.13294603097935698,0.1128524762489745,0.10315273479999998,0.5626820843,0.18108850185
647,0.13325869601202486,0.13873944273514432,0.10575004860424439,0.11146749645000001,0.54251568,0.209251398625
648,0.2047238860113101,0.16339613677693013,0.14364475307516297,0.12530094400000003,0.81742093,0.21702801685
649,0.08741606567269049,0.12137883554991494,0.102544191229177,0.09634788300000001,0.6484949739999999,0.15863882049999997
650,0.35619809054236773,0.22031625146872202,0.1483286024859332,0.20447687085,0.710361272,0.30132330925
651,0.09307838570941468,0.12276915078029386,0.09699783355291626,0.10119487364999999,0.5998239220000001,0.17354171699999998
652,0.11131012283442838,0.12958126324231195,0.10236295843575148,0.11122789949999995,0.6227101089,0.1709523985
653,0.14614338151694567,0.14389605995383964,0.11013931284166482,0.11989056505000001,0.5583589979999999,0.2024150975
654,0.06106698724466721,0.10686401692459496,0.09079519513803615,0.0837166385,0.8244644879999999,0.15544466217500003
655,0.031677018344175405,0.10099031075760086,0.08008655604528811,0.08197420250000001,0.4978532194,0.14574778165
656,0.16396464072611838,0.14727357194335555,0.11612818145201424,0.11967226149999999,0.7251228089999999,0.21591180885
657,0.10861250912568969,0.12910380131339996,0.11050857435692209,0.09582664099999996,0.607808948,0.1888848695
658,0.2404017861283863,0.17621976525827,0.11641663654530401,0.16667735369999997,0.618118406,0.25036784972500004
659,0.0829252290102556,0.11696719107051062,0.0957118095627026,0.09608428150000002,0.6490178870000001,0.17009261145000001
660,0.21537279411310192,0.16802409383355107,0.10832882975437416,0.15532953310000003,0.69373703,0.23495338
661,0.08887105166010725,0.1214595766447701,0.09743372997487941,0.10244953700000001,0.47583279100000003,0.174850503375
662,0.12145084501149736,0.1327469123609098,0.1068822591094652,0.1072592325,0.702988207,0.18388408825000002
663,0.09789917057177118,0.12384210636242597,0.11067171170865188,0.09295535530499999,0.7246715161,0.16762527857499998
664,0.21335459415295252,0.16197584256986755,0.13009086821812174,0.132393579745,1.002086609,0.231295092
665,0.0815842605417372,0.11514971361551908,0.09153893596571307,0.0968938995,0.7683638556,0.16375158365
666,0.15665539050511662,0.14463849059267597,0.10446391135876638,0.1349243595,0.507196725,0.20934160592499998
667,0.1295949395084545,0.13524085127292199,0.11494664356447007,0.1063884129,0.6764066850999999,0.1913110848
668,0.3669839408570612,0.21722005570154318,0.167050921206205,0.18792960045,1.170847058,0.29928420310000003
669,0.16320686554673536,0.14751932315199684,0.10869985405096258,0.12878072200000001,0.679939031,0.208825424025
670,0.19845326244782543,0.16025036272203286,0.11561519842233907,0.1451894405,0.764887478,0.21339670827499999
671,0.2555136063004653,0.18176591653214935,0.13277897513101183,0.15998803050000002,0.666497305,0.2608476056
672,0.11366708033595142,0.1301236069460899,0.10526755942263441,0.10225296049999999,0.5706834869999999,0.19770715325000005
673,0.12106052974947251,0.13239703614781406,0.11186926262174211,0.10377758755,0.6199007852,0.19246061647499998
674,0.1500913800298872,0.14405080238939014,0.11392520247088796,0.11484971650000003,0.689007759,0.20477493125000001
675,0.21471926671565078,0.1689806793898558,0.1315406958455128,0.14142396677000002,0.668333977,0.22747503635
676,0.10953584329257605,0.1279318952148801,0.10624014985988466,0.101569608,0.704173326,0.178143689375
677,0.0945075597078456,0.12074694027158003,0.09838256271765759,0.09547374350000001,0.716663442,0.18188182175
678,0.26325509396873337,0.18621859668427784,0.14037450109617533,0.15219674225000002,0.818007305,0.25987176770000003
679,0.12258603426549283,0.13259254440360574,0.10134331237589686,0.11673639749999999,0.660407156,0.17894951337499998
680,0.15515167326058107,0.1407780451841573,0.11428808878152658,0.1164780426,0.827815279,0.20891502822499997
681,0.195465984196605,0.1584205237139809,0.12305637765420363,0.12926282335,0.819962412,0.2292624051
682,0.04766740329301357,0.10419647495394656,0.08618248387314983,0.0848669724,0.6294889,0.1508709197
683,0.04277101313872423,0.10542011719921002,0.08256692861909692,0.08916496104999999,0.431047678,0.15065739192500002
684,0.12236146015487939,0.1346017516891049,0.11000446151981308,0.10414031149999997,0.5881173019,0.19556751900000002
685,0.1274306941808056,0.137155099623234,0.11911635741891588,0.10016155200000004,0.6162586511999999,0.1940040715
686,0.07098973668437412,0.11384190679167647,0.09227868096702788,0.094571588745,0.575532079,0.162334349275
687,0.1485521188717977,0.1413924826828492,0.11780907605538996,0.114577405,0.730044991,0.197750367825
688,0.19760986112857995,0.15810482966017028,0.12516873711748405,0.13238068005000003,0.79343754,0.2281685757
689,0.14854980427816467,0.14310912669975698,0.0977190187399291,0.12329488300000001,0.67612217,0.21135546652499998
690,0.15710323978934695,0.14813103358652924,0.12459033522345106,0.11076255099999999,0.61055169019,0.213360598975
691,0.07482813590634617,0.11487138346046996,0.10647440718419512,0.0864222945,0.6663465279,0.15631701099999998
692,0.16269587780294076,0.1463445742873199,0.11116901215062373,0.12485730650000001,0.646577924,0.21927059985
693,0.13126387053155605,0.13827164533628009,0.1068045320930483,0.11305117974999998,0.492932156,0.20477440900000002
694,0.12068092495647725,0.12881024708275,0.11183230861186792,0.10301772245000002,0.90189898,0.173402133625
695,0.17894772786610985,0.15228940831138077,0.11758734834183285,0.12999691160000001,0.699566618,0.220070077375
696,0.1116854018112091,0.12953785000373094,0.09708398946920205,0.1097986521,0.5765324909,0.18900888745000002
697,0.23251410198602684,0.17384839910386787,0.1407146140701845,0.13747590750000002,0.789957255,0.24501230112999997
698,0.054407973008917795,0.10771157177796006,0.08324915723761184,0.08920665050000001,0.5667557117,0.16128038892500002
699,0.09486905900460874,0.12098242000519589,0.12191860392100679,0.08561972223,0.750998691,0.16293572625000002
700,0.09283585558969422,0.12311151820583996,0.10333179030215982,0.09839162949999998,0.5586602759999999,0.17239402600000003
701,0.2304793839725855,0.17438323905299108,0.1333013184856061,0.14120675794999998,0.629732683,0.25823140440000003
702,0.10593935505685192,0.12646515478953066,0.09956117081223367,0.10557311755000001,0.6318384007000001,0.18142019617500002
703,0.05640758502430219,0.10989993441902116,0.08707871212161729,0.09124261865,0.5185592320000001,0.15484710425
704,0.15482191057723443,0.1421281415558951,0.11890384398137793,0.11364627649999998,0.769794703,0.209406075875
705,0.12162592747158273,0.13208521898838557,0.10462029703478948,0.111080974,0.6056332926000001,0.19127003938749998
706,0.21712601248377156,0.1695136498349701,0.12137781146857644,0.14783696824999998,0.60080702015,0.24157936874999997
707,0.13379192984419272,0.1369595289439579,0.11545802637721919,0.10840267774999998,0.7120222074,0.18897600850500001
708,0.2584040850087241,0.1817923998084029,0.11894262978664746,0.16984320799999997,0.697875142,0.265268940775
709,0.18011677023147907,0.15447032649278414,0.10572707180482886,0.13885315965,0.613178164,0.2252345040325
710,0.1424848751667389,0.1411209430095681,0.1172160278272146,0.10695728172999999,0.6307438160000001,0.21080378825
711,0.10890375216572905,0.12846795960351995,0.10451588031791072,0.10006248950000002,0.585758626,0.19374407257499998
712,0.10905617466339533,0.12731743853171643,0.10309506727907948,0.1066060699,0.652756095,0.17733850524999997
713,0.056044324301596476,0.11073513842698296,0.08815641144671152,0.08926058395,0.514701854,0.154785963825
714,0.09748244018539823,0.12226232276509996,0.11198226244256114,0.0911117494,0.689414054,0.1767021995
715,0.08536358486677154,0.12207926278742212,0.08889420261335125,0.10194858174999999,0.474650428,0.178673819
716,0.03980032485080205,0.10317938966163881,0.08830879337198004,0.07953068055,0.5750292835,0.1464250031475
717,0.249113618852711,0.18217078597312944,0.12907917901347718,0.155977741,0.722991299,0.25133972790000003
718,0.06010392095099019,0.11028864451921104,0.09524770020471895,0.0828307345,0.6003904046999999,0.16167419632500002
719,0.11538209009314251,0.13210388991078292,0.10665157420089955,0.10475275649999999,0.5021080525,0.19614214189999998
720,0.11934286602869978,0.13283639641970008,0.10443771509058122,0.11398427900000001,0.5409154500000001,0.18316523574999996
721,0.20240284862970648,0.16163867326999978,0.13770085590020595,0.12769197149999992,0.832909589,0.21796101700000006
722,0.11938225135610867,0.13170928079650263,0.1031024014633223,0.11045552880000001,0.6280279156,0.187636686875
723,0.11760542877329666,0.13147833772510303,0.09938027391593521,0.11747427650000002,0.50486441,0.186037967425
724,0.2126261097950685,0.17052098739128324,0.10338160934377551,0.15838311175,0.498211518,0.242008959625
725,0.08874567002637833,0.12035408783560936,0.0903179971538956,0.10589954635,0.578908742,0.17032381847499997
726,0.12381127214974746,0.1343853097415019,0.10603060457326718,0.11011309285,0.6147291135,0.189992772
727,0.16673200455417106,0.15344608882929842,0.10617772016133321,0.13060833549999998,0.5706728656,0.21368378425
728,0.08391777898345099,0.119667294710739,0.09648788406222568,0.0965680855,0.570475862,0.17127747625000003
729,0.1819950710511346,0.156039568572138,0.1082509450543967,0.1414403545,0.5385306326,0.22382527694999999
730,0.13633947293022083,0.138895152598681,0.10778723014988466,0.11489456499999999,0.619968862,0.197900420475
731,0.26432413138263283,0.1853825183143189,0.12040961928683022,0.17497809905,0.639660492,0.263611708125
732,0.11141148993073904,0.12938569977891604,0.10094039383405216,0.10603067299999996,0.6655991879,0.18172595625
733,0.17757736911370298,0.15317790882756005,0.11702741390853842,0.1274696585,0.707752884,0.2197434553
734,0.1112750242939224,0.12973433306749008,0.10614798173003959,0.102147401,0.60624592,0.18715015950000002
735,0.035935231357059845,0.1010617074517306,0.08119529771603973,0.08413455825,0.492178656,0.15117389929999997
736,0.34856016298333287,0.21756113102895097,0.1477854302716839,0.19380029994999998,0.75796929,0.30841423165
737,0.15825926764686304,0.1451203749869164,0.1284060231209529,0.1141798097,0.727294356,0.19834636412499995
738,0.1259079890861269,0.13419591911336723,0.11370521771388252,0.10641351685,0.7116508039999999,0.1821680481
739,0.18210195585629274,0.15109324540014799,0.12066098916006712,0.12402849275,0.857648075,0.22439224655
740,0.10830914260111354,0.12797924042639008,0.10103914620681856,0.10549143350000001,0.5742881,0.18768379492499998
741,0.13217450549456672,0.13421683122081177,0.11004818689772941,0.11114135220000002,0.82226072919,0.18291204584999998
742,0.16133191644741782,0.147433566847268,0.10729520280354841,0.1258470732,0.671210512,0.21390697337499998
743,0.1524460079639344,0.1423661849101805,0.11197553231207391,0.120251104,0.693142981,0.20616662297500002
744,0.1728104498074946,0.14899084416544706,0.11816985742583902,0.12657196255,0.728170216,0.216076304025
745,0.13191093778332783,0.13563569122275163,0.11036767642871169,0.1104808894,0.724531531,0.189580137075
746,0.13077058554494228,0.13819862970150304,0.09941238964805794,0.11672842450000001,0.5457225219,0.20159392549000002
747,0.14740385999348546,0.14362928342431383,0.10650813052430659,0.11892289025,0.6582652926,0.204360822375
748,0.11636559096665693,0.13449703048656514,0.09510457708791749,0.11687981350000003,0.454739593,0.18793128000000003
749,0.12518952710477463,0.1341477548807025,0.11016155232443778,0.10882650705,0.613742843,0.19081644915
750,0.15485803798908426,0.14679874950732855,0.12125052612719833,0.11410444255,0.6685379894,0.2023437198825
751,0.2595932380795463,0.18555430541492285,0.15492496800187172,0.14262317800000002,0.735345602,0.25864005230000003
752,0.2697913719393682,0.19035822294259416,0.1327372464309895,0.1656358392,0.714940578,0.258723420225
753,0.7912188256520816,0.36696715428593024,0.3104598290568959,0.2871568815,1.819671245,0.533933641275
754,0.09315828015111896,0.12299824810766304,0.10260671846480586,0.09822330204999999,0.52644172176,0.17859242002499998
755,0.05187215500415178,0.10964747709088477,0.0946841436134545,0.08284477155,0.525629819,0.14924015412500002
756,0.13074493730638995,0.13525658604025698,0.10882881842611206,0.112574645,0.6872351837,0.18894829540000002
757,0.15212202650875498,0.1456272300661009,0.1139716812586175,0.11799470245,0.66132497,0.20158598545
758,0.2561833961192522,0.182760385529332,0.14602702723574829,0.15176208020499998,0.803359851,0.24295596437500003
759,0.12136057504949019,0.1308431150487333,0.11211022443485814,0.1041873526,0.7837096379999999,0.17895965084999998
760,0.04517262182750724,0.10745153042273237,0.09460038963804497,0.07943872935000001,0.4887960104,0.1485818937
761,0.1861400230440359,0.1561790082672461,0.10288868696304776,0.1487020772,0.554318384,0.2252077811
762,0.13106513961479138,0.13574075446713393,0.10175467071822117,0.11607710635000001,0.68868953,0.19180057107499998
763,0.07572402737953077,0.1174032508124898,0.09028936269443733,0.10064129185,0.469437778,0.1659962354675
764,0.13846557652789931,0.139589790672468,0.10613375550859784,0.11736223850000001,0.611399502,0.1997767512
765,0.08231781629779228,0.11561694058216981,0.08866489290779131,0.09956692995000001,0.767462283,0.163085807075
766,0.06759510713419777,0.11283603973389497,0.08773102021412583,0.09849157224999999,0.469439573,0.16515296152500003
767,0.08795448243836768,0.12000381893813855,0.09313955283581356,0.1004882005,0.729339481,0.16120817855000003
768,0.09928580113585703,0.12415804787248494,0.10178820832497847,0.09741238539999998,0.66686511,0.18091955995
